"company_code","user_id","target_date","paid_holiday_ope_kbn","paid_holiday_days","remark","registration_user","registration_datetime","update_user","update_datetime"
"000001","020","20220502","020",1.0,"",,,,
"000001","020","20220506","020",1.0,"",,,,
"000001","020","20220816","020",1.0,"",,,,
"000001","020","20220817","020",1.0,"",,,,
"000001","020","20230101","030",20.0,有休付与,,,,
"000001","020","20230401","030",20.0,有休付与,,,,
"000001","020","20230921","020",1.0,"9/21～10/4 は中国に一時帰国
10/5～10/10は青森",,,,
"000001","020","20230922","020",1.0,"9/21～10/4 は中国に一時帰国
10/5～10/10は青森",,,,
"000001","020","20230925","020",1.0,"9/21～10/4 は中国に一時帰国
10/5～10/10は青森",,,,
"000001","020","20230926","020",1.0,"9/21～10/4 は中国に一時帰国
10/5～10/10は青森",,,,
"000001","020","20230927","020",1.0,"9/21～10/4 は中国に一時帰国
10/5～10/10は青森",,,,
"000001","020","20230928","020",1.0,"9/21～10/4 は中国に一時帰国
10/5～10/10は青森",,,,
"000001","020","20230929","020",1.0,"9/21～10/4 は中国に一時帰国
10/5～10/10は青森",,,,
"000001","020","20231002","020",1.0,"9/21～10/4 は中国に一時帰国
10/5～10/10は青森",,,,
"000001","020","20231003","020",1.0,"9/21～10/4 は中国に一時帰国
10/5～10/10は青森",,,,
"000001","020","20231004","020",1.0,"9/21～10/4 は中国に一時帰国
10/5～10/10は青森",,,,
"000001","020","20231005","020",1.0,"9/21～10/4 は中国に一時帰国
10/5～10/10は青森",,,,
"000001","020","20231006","020",1.0,"9/21～10/4 は中国に一時帰国
10/5～10/10は青森",,,,
"000001","020","20231010","020",1.0,"9/21～10/4 は中国に一時帰国
10/5～10/10は青森",,,,
"000001","020","20240101","030",20.0,有休付与,,,,
"000001","020","20240326","020",1.0,"",,,,
"000001","020","20240327","020",1.0,"",,,,
"000001","020","20240328","020",1.0,"",,,,
"000001","020","20240329","020",1.0,"",,,,
"000001","020","20240401","020",1.0,"",,,,
"000001","020","20240402","020",1.0,"",,,,
"000001","020","20240403","020",1.0,"",,,,
"000001","051","20220502","020",1.0,"",,,,
"000001","051","20220829","020",1.0,"",,,,
"000001","051","20230101","030",20.0,有休付与,,,,
"000001","051","20230329","020",0.5,"",,,,
"000001","051","20230501","030",20.0,有休付与,,,,
"000001","051","20230530","020",1.0,"",,,,
"000001","051","20240101","030",20.0,有休付与,,,,
"000001","051","20240201","020",0.5,"",,,,
"000001","051","20240209","020",0.5,"",,,,
"000001","051","20240319","020",1.0,卒業式参加するため,,,,
"000001","051","20240326","020",1.0,コロナをかかった,,,,
"000001","051","20240327","020",1.0,コロナをかかった,,,,
"000001","051","20240502","020",1.0,"",,,,
"000001","051","20240521","020",1.0,"",,,,
"000001","051","20240604","020",0.5,"",,,,
"000001","051","20240813","020",0.5,"",,,,
"000001","053","20220715","020",0.5,"",,,,
"000001","053","20220920","020",0.5,病院に行くため,,,,
"000001","053","20221011","020",0.5,"",,,,
"000001","053","20221109","020",0.5,健康診断,,,,
"000001","053","20230227","020",0.5,"",,,,
"000001","053","20230301","020",1.0,"",,,,
"000001","053","20230313","020",1.0,こども発熱,,,,
"000001","053","20230315","020",1.0,子供発熱,,,,
"000001","053","20230403","020",0.5,通院,,,,
"000001","053","20230428","020",1.0,"",,,,
"000001","053","20230530","020",1.0,"",,,,
"000001","053","20230614","020",0.5,"",,,,
"000001","053","20230627","020",1.0,"",,,,
"000001","053","20230701","030",20.0,有休付与,,,,
"000001","053","20230718","020",1.0,"",,,,
"000001","053","20230804","020",1.0,"",,,,
"000001","053","20230807","020",1.0,"",,,,
"000001","053","20230808","020",1.0,"",,,,
"000001","053","20230809","020",1.0,"",,,,
"000001","053","20230810","020",1.0,"",,,,
"000001","053","20230814","020",1.0,"",,,,
"000001","053","20230815","020",1.0,"",,,,
"000001","053","20230816","020",1.0,"",,,,
"000001","053","20230817","020",1.0,"",,,,
"000001","053","20230818","020",1.0,"",,,,
"000001","053","20230821","020",1.0,"",,,,
"000001","053","20230822","020",1.0,"",,,,
"000001","053","20230823","020",1.0,"",,,,
"000001","053","20230824","020",1.0,"",,,,
"000001","053","20230825","020",1.0,"",,,,
"000001","053","20230828","020",1.0,"",,,,
"000001","053","20230829","020",1.0,"",,,,
"000001","053","20230830","020",1.0,"",,,,
"000001","053","20230831","020",1.0,"",,,,
"000001","053","20231005","020",0.5,"",,,,
"000001","053","20231011","020",0.5,"",,,,
"000001","053","20231017","020",1.0,"",,,,
"000001","053","20231031","020",1.0,子供インフルエンザ,,,,
"000001","053","20231101","020",1.0,子供インフルエンザ,,,,
"000001","053","20231129","020",1.0,"",,,,
"000001","053","20231225","020",1.0,"",,,,
"000001","053","20231226","020",1.0,"",,,,
"000001","053","20231227","020",1.0,"",,,,
"000001","053","20231228","020",1.0,"",,,,
"000001","053","20240101","030",20.0,有休付与,,,,
"000001","053","20240104","020",1.0,"",,,,
"000001","053","20240105","020",1.0,"",,,,
"000001","053","20240122","020",0.5,"",,,,
"000001","053","20240221","020",1.0,"",,,,
"000001","053","20240306","020",1.0,"",,,,
"000001","053","20240319","020",1.0,"",,,,
"000001","053","20240328","020",0.5,"",,,,
"000001","053","20240416","020",1.0,"",,,,
"000001","053","20240422","020",1.0,"",,,,
"000001","053","20240501","020",1.0,"",,,,
"000001","053","20240502","020",1.0,"",,,,
"000001","053","20240610","020",1.0,"",,,,
"000001","053","20240617","020",1.0,"",,,,
"000001","053","20240708","020",1.0,"",,,,
"000001","053","20240709","020",1.0,"",,,,
"000001","053","20240905","020",1.0,"",,,,
"000001","053","20240917","020",1.0,"",,,,
"000001","053","20241002","020",1.0,"",,,,
"000001","053","20241029","020",1.0,"",,,,
"000001","069","20220428","020",1.0,"",,,,
"000001","069","20220502","020",1.0,"",,,,
"000001","069","20220506","020",1.0,"",,,,
"000001","069","20220818","020",1.0,"",,,,
"000001","069","20220819","020",1.0,"",,,,
"000001","069","20221228","020",1.0,"",,,,
"000001","069","20230101","030",20.0,有休付与,,,,
"000001","069","20230104","020",1.0,"",,,,
"000001","069","20230105","020",1.0,"",,,,
"000001","069","20230106","020",1.0,"",,,,
"000001","069","20230428","020",1.0,現場指定のため,,,,
"000001","069","20230501","020",1.0,現場指定のため,,,,
"000001","069","20230502","020",1.0,現場指定のため,,,,
"000001","069","20230612","020",1.0,"",,,,
"000001","069","20230725","020",1.0,"",,,,
"000001","069","20230817","020",1.0,夏休み,,,,
"000001","069","20230818","020",1.0,夏休み,,,,
"000001","069","20230922","020",1.0,"",,,,
"000001","069","20231228","020",1.0,"",,,,
"000001","069","20240101","030",20.0,有休付与,,,,
"000001","069","20240401","020",1.0,"",,,,
"000001","069","20240426","020",1.0,"",,,,
"000001","069","20240430","020",1.0,"",,,,
"000001","069","20240501","020",1.0,"",,,,
"000001","069","20240502","020",1.0,"",,,,
"000001","069","20240610","020",1.0,"",,,,
"000001","069","20240712","020",1.0,"",,,,
"000001","069","20240716","020",1.0,"",,,,
"000001","069","20240816","020",1.0,"",,,,
"000001","069","20240819","020",1.0,"",,,,
"000001","069","20241011","020",1.0,"",,,,
"000001","076","20230101","030",20.0,有休付与,,,,
"000001","076","20240101","030",20.0,有休付与,,,,
"000001","081","20220401","020",1.0,"",,,,
"000001","081","20220422","020",0.5,"",,,,
"000001","081","20220502","020",1.0,年休取得,,,,
"000001","081","20220810","020",1.0,"",,,,
"000001","081","20220812","020",1.0,"",,,,
"000001","081","20220901","030",20.0,有休付与,,,,
"000001","081","20230101","030",20.0,有休付与,,,,
"000001","081","20230105","020",1.0,年休申請,,,,
"000001","081","20230106","020",1.0,年休申請,,,,
"000001","081","20230112","020",1.0,病欠申請,,,,
"000001","081","20230328","020",1.0,"",,,,
"000001","081","20230418","020",1.0,コロナ,,,,
"000001","081","20230419","020",1.0,コロナ,,,,
"000001","081","20230420","020",1.0,コロナ,,,,
"000001","081","20230501","020",1.0,"",,,,
"000001","081","20230502","020",1.0,"",,,,
"000001","081","20230731","020",1.0,"",,,,
"000001","081","20230823","020",1.0,"",,,,
"000001","081","20230824","020",1.0,"",,,,
"000001","081","20230825","020",1.0,"",,,,
"000001","081","20230828","020",1.0,"",,,,
"000001","081","20230901","030",20.0,有休付与,,,,
"000001","081","20230907","020",1.0,"",,,,
"000001","081","20231023","020",1.0,"",,,,
"000001","081","20231218","020",0.5,通院,,,,
"000001","081","20231221","020",0.5,通院,,,,
"000001","081","20240101","030",20.0,有休付与,,,,
"000001","081","20240319","020",1.0,"2/2(病欠）　休暇申請期限が過ぎたため、代わりに3/19の分を申請します。
①：2/2 (病欠）　 有給1日
②：3/19振替休日　2/1０分
①と②交代",,,,
"000001","081","20240426","020",1.0,"",,,,
"000001","081","20240430","020",1.0,"",,,,
"000001","081","20240501","020",1.0,"",,,,
"000001","081","20240705","020",1.0,"",,,,
"000001","081","20240828","020",1.0,"",,,,
"000001","081","20240829","020",1.0,"",,,,
"000001","081","20240830","020",1.0,"",,,,
"000001","081","20240902","020",1.0,"",,,,
"000001","085","20230101","030",20.0,有休付与,,,,
"000001","085","20230901","030",20.0,有休付与,,,,
"000001","085","20240101","030",20.0,有休付与,,,,
"000001","101","20230101","030",20.0,有休付与,,,,
"000001","101","20230501","030",20.0,有休付与,,,,
"000001","101","20240101","030",20.0,有休付与,,,,
"000001","110","20220101","030",18.0,有休付与,,,,
"000001","110","20230101","030",18.0,有休付与,,,,
"000001","110","20231002","020",1.0,"",,,,
"000001","110","20231003","020",1.0,"",,,,
"000001","110","20231004","020",1.0,"",,,,
"000001","110","20231005","020",1.0,"",,,,
"000001","110","20231006","020",1.0,"",,,,
"000001","110","20231201","030",20.0,有休付与,,,,
"000001","110","20240101","030",20.0,有休付与,,,,
"000001","110","20240822","020",1.0,"",,,,
"000001","110","20240823","020",1.0,"",,,,
"000001","116","20220101","030",16.0,有休付与,,,,
"000001","116","20220216","020",1.0,通院,,,,
"000001","116","20220302","020",1.0,通院,,,,
"000001","116","20220502","020",1.0,"",,,,
"000001","116","20220511","020",1.0,"",,,,
"000001","116","20220629","020",1.0,"",,,,
"000001","116","20221012","020",1.0,通院,,,,
"000001","116","20221019","020",1.0,通院,,,,
"000001","116","20221207","020",1.0,通院,,,,
"000001","116","20230101","030",16.0,有休付与,,,,
"000001","116","20230111","020",1.0,"",,,,
"000001","116","20230201","020",1.0,"",,,,
"000001","116","20230220","020",0.5,"",,,,
"000001","116","20230329","020",1.0,"",,,,
"000001","116","20230412","020",1.0,"",,,,
"000001","116","20230413","020",1.0,"",,,,
"000001","116","20230524","020",1.0,通院ため,,,,
"000001","116","20230719","020",1.0,通院,,,,
"000001","116","20230829","020",0.5,"",,,,
"000001","116","20230904","020",1.0,"",,,,
"000001","116","20231101","030",18.0,有休付与,,,,
"000001","116","20231129","020",1.0,通院,,,,
"000001","116","20231227","020",1.0,通院と私用のため,,,,
"000001","116","20231228","020",1.0,通院と私用のため,,,,
"000001","116","20240101","030",18.0,有休付与,,,,
"000001","116","20240124","020",1.0,通院,,,,
"000001","116","20240321","020",1.0,手術,,,,
"000001","116","20240322","020",1.0,手術,,,,
"000001","116","20240327","020",1.0,通院,,,,
"000001","116","20240408","020",1.0,息子が手術,,,,
"000001","116","20240409","020",1.0,息子が手術,,,,
"000001","116","20240529","020",1.0,通院ため,,,,
"000001","116","20240610","020",1.0,"",,,,
"000001","116","20240611","020",1.0,"",,,,
"000001","116","20240612","020",1.0,"",,,,
"000001","116","20240613","020",1.0,"",,,,
"000001","116","20240614","020",1.0,"",,,,
"000001","116","20240809","020",1.0,"",,,,
"000001","116","20240925","020",1.0,通院,,,,
"000001","116","20241018","020",1.0,通院,,,,
"000001","116","20241023","020",1.0,熱がある,,,,
"000001","121","20220101","030",14.0,有休付与,,,,
"000001","121","20220509","020",1.0,"",,,,
"000001","121","20220906","020",1.0,台風接近に伴い出勤が困難と見込まれるため,,,,
"000001","121","20221006","020",1.0,ガス立会のため,,,,
"000001","121","20221031","020",1.0,"",,,,
"000001","121","20221121","020",0.5,"",,,,
"000001","121","20221220","020",0.5,"",,,,
"000001","121","20221223","020",0.5,"",,,,
"000001","121","20221228","020",1.0,差し戻しの指摘（12月30日は休日のため）反映,,,,
"000001","121","20221229","020",1.0,差し戻しの指摘（12月30日は休日のため）反映,,,,
"000001","121","20230101","030",16.0,有休付与,,,,
"000001","121","20230104","020",1.0,"",,,,
"000001","121","20230502","020",1.0,"",,,,
"000001","121","20230529","020",1.0,"",,,,
"000001","121","20230530","020",1.0,"",,,,
"000001","121","20230616","020",1.0,"",,,,
"000001","121","20230810","020",1.0,"",,,,
"000001","121","20240101","030",18.0,有休付与,,,,
"000001","121","20240409","020",1.0,"",,,,
"000001","121","20241008","020",1.0,"",,,,
"000001","121","20241028","020",1.0,"",,,,
"000001","122","20220101","030",14.0,有休付与,,,,
"000001","122","20221229","020",1.0,"",,,,
"000001","122","20230101","030",16.0,有休付与,,,,
"000001","122","20230201","030",16.0,有休付与,,,,
"000001","122","20230428","020",1.0,常駐先が休みのため,,,,
"000001","122","20230501","020",1.0,常駐先が休みのため,,,,
"000001","122","20230502","020",1.0,常駐先が休みのため,,,,
"000001","122","20230814","020",1.0,"",,,,
"000001","122","20230815","020",1.0,"",,,,
"000001","122","20230908","020",1.0,"",,,,
"000001","122","20230911","020",1.0,"",,,,
"000001","122","20230912","020",1.0,"",,,,
"000001","122","20240101","030",18.0,有休付与,,,,
"000001","122","20240306","020",0.5,"",,,,
"000001","122","20240409","020",0.5,"",,,,
"000001","122","20240411","020",1.0,"",,,,
"000001","122","20240425","020",0.5,"",,,,
"000001","122","20240430","020",1.0,"",,,,
"000001","122","20240501","020",1.0,"",,,,
"000001","122","20240502","020",1.0,"",,,,
"000001","122","20240716","020",1.0,"",,,,
"000001","122","20240827","020",1.0,"",,,,
"000001","126","20220502","020",1.0,日立休日,,,,
"000001","126","20220624","020",1.0,"",,,,
"000001","126","20221021","020",1.0,"",,,,
"000001","130","20220502","020",1.0,"",,,,
"000001","130","20220809","020",1.0,夏季連休のため,,,,
"000001","130","20220810","020",1.0,夏季連休のため,,,,
"000001","130","20220812","020",1.0,夏季連休のため,,,,
"000001","130","20230101","030",16.0,有休付与,,,,
"000001","130","20230501","030",16.0,有休付与,,,,
"000001","130","20230817","020",1.0,日立休暇のため,,,,
"000001","130","20230818","020",1.0,日立休暇のため,,,,
"000001","130","20240101","030",18.0,有休付与,,,,
"000001","130","20240104","020",1.0,滋賀現場休日のため,,,,
"000001","130","20240221","020",1.0,"",,,,
"000001","130","20240430","020",1.0,ゴールデンウイークのため休暇を申請しております。,,,,
"000001","130","20240501","020",1.0,ゴールデンウイークのため休暇を申請しております。,,,,
"000001","130","20240502","020",1.0,ゴールデンウイークのため休暇を申請しております。,,,,
"000001","130","20240603","020",1.0,"",,,,
"000001","130","20240627","020",1.0,私用のため年休を使います。,,,,
"000001","130","20240716","020",1.0,日立休暇のため有給休暇を取ります。,,,,
"000001","130","20240802","020",1.0,"",,,,
"000001","130","20240815","020",1.0,"",,,,
"000001","130","20240816","020",1.0,"",,,,
"000001","130","20240903","020",1.0,"",,,,
"000001","132","20220427","020",1.0,"",,,,
"000001","132","20220506","020",1.0,"",,,,
"000001","132","20230101","030",16.0,有休付与,,,,
"000001","132","20230501","020",1.0,"",,,,
"000001","132","20230501","030",16.0,有休付与,,,,
"000001","132","20230502","020",1.0,"",,,,
"000001","132","20230802","020",1.0,"",,,,
"000001","132","20230803","020",1.0,"",,,,
"000001","132","20230804","020",1.0,"",,,,
"000001","132","20230807","020",1.0,"",,,,
"000001","132","20230814","020",1.0,"",,,,
"000001","132","20230815","020",1.0,"",,,,
"000001","132","20230816","020",1.0,"",,,,
"000001","132","20230817","020",1.0,"",,,,
"000001","132","20230818","020",1.0,"",,,,
"000001","132","20230821","020",1.0,"",,,,
"000001","132","20230822","020",1.0,"",,,,
"000001","132","20230823","020",1.0,"",,,,
"000001","132","20230824","020",1.0,"",,,,
"000001","132","20230825","020",1.0,"",,,,
"000001","132","20230828","020",1.0,"",,,,
"000001","132","20230829","020",1.0,"",,,,
"000001","132","20231102","020",0.5,午前中体調不良のため、午後から休み,,,,
"000001","132","20231124","020",1.0,"",,,,
"000001","132","20240101","030",18.0,有休付与,,,,
"000001","132","20240202","020",0.5,"",,,,
"000001","132","20240216","020",1.0,"",,,,
"000001","132","20240308","020",1.0,"",,,,
"000001","132","20240410","020",1.0,"",,,,
"000001","132","20240418","020",0.5,"",,,,
"000001","132","20240419","020",1.0,"",,,,
"000001","132","20240430","020",1.0,"",,,,
"000001","132","20240501","020",1.0,"",,,,
"000001","132","20240502","020",1.0,"",,,,
"000001","132","20240510","020",1.0,"",,,,
"000001","132","20240716","020",1.0,"",,,,
"000001","132","20240808","020",1.0,"",,,,
"000001","132","20240809","020",1.0,"",,,,
"000001","132","20240816","020",1.0,"",,,,
"000001","132","20240822","020",1.0,"",,,,
"000001","132","20240823","020",1.0,"",,,,
"000001","132","20240913","020",0.5,"",,,,
"000001","132","20241025","020",1.0,"",,,,
"000001","132","20241030","020",1.0,"",,,,
"000001","132","20241031","020",1.0,"",,,,
"000001","137","20220101","030",14.0,有休付与,,,,
"000001","138","20220101","030",14.0,有休付与,,,,
"000001","138","20220301","020",1.0,"",,,,
"000001","138","20220302","020",1.0,"",,,,
"000001","138","20220303","020",1.0,"",,,,
"000001","138","20220304","020",1.0,"",,,,
"000001","138","20220307","020",1.0,"",,,,
"000001","138","20220308","020",1.0,"",,,,
"000001","138","20220309","020",1.0,"",,,,
"000001","138","20220310","020",1.0,"",,,,
"000001","138","20220311","020",1.0,"",,,,
"000001","139","20220101","030",14.0,有休付与,,,,
"000001","139","20220301","020",1.0,"",,,,
"000001","139","20220302","020",1.0,"",,,,
"000001","139","20220303","020",1.0,"",,,,
"000001","139","20220304","020",1.0,"",,,,
"000001","139","20220307","020",1.0,"",,,,
"000001","139","20220308","020",1.0,"",,,,
"000001","139","20220309","020",1.0,"",,,,
"000001","139","20220310","020",1.0,"",,,,
"000001","139","20220311","020",1.0,"",,,,
"000001","139","20220314","020",1.0,"",,,,
"000001","139","20220315","020",1.0,"",,,,
"000001","139","20220316","020",1.0,"",,,,
"000001","139","20220331","020",1.0,ワクチン接種のため,,,,
"000001","139","20220401","020",1.0,"",,,,
"000001","139","20220408","020",0.5,"",,,,
"000001","139","20220415","020",1.0,"",,,,
"000001","139","20220421","020",0.5,"",,,,
"000001","139","20220428","020",0.5,"",,,,
"000001","139","20220502","020",1.0,"",,,,
"000001","139","20220506","020",1.0,"",,,,
"000001","139","20220518","020",0.5,"",,,,
"000001","139","20220617","020",1.0,"",,,,
"000001","139","20220810","020",1.0,"",,,,
"000001","139","20220812","020",1.0,"",,,,
"000001","139","20220825","020",0.5,健康診断のため,,,,
"000001","139","20220830","020",1.0,"",,,,
"000001","139","20220916","020",0.5,"",,,,
"000001","139","20221003","020",0.5,"",,,,
"000001","139","20221026","020",0.5,区役所に行くため,,,,
"000001","139","20221124","020",0.5,"",,,,
"000001","139","20221201","020",0.5,"",,,,
"000001","139","20221223","020",0.5,"",,,,
"000001","139","20230101","030",16.0,有休付与,,,,
"000001","139","20230327","020",1.0,"",,,,
"000001","139","20230328","020",1.0,"",,,,
"000001","139","20230329","020",1.0,"",,,,
"000001","139","20230330","020",1.0,"",,,,
"000001","139","20230601","030",16.0,有休付与,,,,
"000001","139","20230628","020",1.0,"",,,,
"000001","139","20230706","020",1.0,"",,,,
"000001","139","20230707","020",1.0,"",,,,
"000001","139","20230710","020",1.0,"",,,,
"000001","139","20230711","020",1.0,"",,,,
"000001","139","20230712","020",1.0,"",,,,
"000001","139","20230713","020",1.0,"",,,,
"000001","139","20230714","020",1.0,"",,,,
"000001","139","20230718","020",1.0,"",,,,
"000001","139","20230719","020",1.0,"",,,,
"000001","139","20230720","020",1.0,"",,,,
"000001","139","20230721","020",1.0,"",,,,
"000001","147","20220101","030",14.0,有休付与,,,,
"000001","147","20220112","020",0.5,"1月有給",,,,
"000001","147","20220131","020",0.5,"1月有給",,,,
"000001","147","20220301","020",1.0,"",,,,
"000001","147","20220302","020",0.5,"",,,,
"000001","147","20220307","020",1.0,"",,,,
"000001","147","20220311","020",1.0,歯が痛いので、病院に行きます。,,,,
"000001","147","20220314","020",0.5,病院へ再診,,,,
"000001","147","20220315","020",1.0,"",,,,
"000001","147","20220411","020",1.0,歯の診療,,,,
"000001","147","20220415","020",1.0,"",,,,
"000001","147","20220502","020",1.0,"",,,,
"000001","147","20220512","020",0.5,"",,,,
"000001","147","20220513","020",1.0,"",,,,
"000001","147","20220516","020",1.0,"",,,,
"000001","147","20220610","020",1.0,ワクチン三回目の接種,,,,
"000001","147","20220621","020",0.5,"",,,,
"000001","147","20220627","020",1.0,"",,,,
"000001","147","20220715","020",1.0,"",,,,
"000001","147","20220729","020",1.0,"",,,,
"000001","147","20220812","020",1.0,"",,,,
"000001","147","20220825","020",0.5,定期健康診断のため,,,,
"000001","147","20220912","020",1.0,"",,,,
"000001","147","20220916","020",0.5,"",,,,
"000001","147","20221007","020",1.0,"",,,,
"000001","147","20221014","020",1.0,"",,,,
"000001","147","20221104","020",1.0,"",,,,
"000001","147","20221130","020",1.0,"",,,,
"000001","147","20230301","020",1.0,"",,,,
"000001","147","20230303","020",1.0,"",,,,
"000001","147","20230328","020",0.5,歯定期健診,,,,
"000001","147","20230414","020",0.5,"",,,,
"000001","147","20230420","020",0.5,"",,,,
"000001","147","20230601","020",1.0,歯痛,,,,
"000001","147","20230609","020",0.5,"",,,,
"000001","147","20230623","020",1.0,"",,,,
"000001","147","20230701","030",16.0,有休付与,,,,
"000001","147","20230719","020",1.0,"",,,,
"000001","147","20230809","020",1.0,"",,,,
"000001","147","20230817","020",1.0,"",,,,
"000001","147","20230818","020",1.0,"",,,,
"000001","147","20230904","020",1.0,"",,,,
"000001","147","20231004","020",0.5,"",,,,
"000001","147","20231010","020",1.0,"",,,,
"000001","147","20231023","020",0.5,"",,,,
"000001","147","20231124","020",1.0,"",,,,
"000001","147","20231201","020",1.0,"",,,,
"000001","147","20231215","020",1.0,"",,,,
"000001","147","20231218","020",1.0,"",,,,
"000001","147","20240101","030",16.0,有休付与,,,,
"000001","147","20240209","020",1.0,"",,,,
"000001","147","20240213","020",1.0,"",,,,
"000001","147","20240214","020",1.0,"",,,,
"000001","147","20240215","020",1.0,"",,,,
"000001","147","20240216","020",1.0,"",,,,
"000001","147","20240301","020",1.0,"",,,,
"000001","147","20240305","020",1.0,"",,,,
"000001","147","20240306","020",1.0,"",,,,
"000001","147","20240308","020",1.0,"",,,,
"000001","147","20240326","020",1.0,"",,,,
"000001","147","20240419","020",0.5,"",,,,
"000001","147","20240501","020",1.0,"",,,,
"000001","147","20240502","020",1.0,"",,,,
"000001","147","20240513","020",1.0,"",,,,
"000001","147","20240610","020",1.0,"",,,,
"000001","147","20240621","020",1.0,"",,,,
"000001","147","20240708","020",1.0,"",,,,
"000001","147","20240726","020",1.0,"",,,,
"000001","147","20240814","020",1.0,"",,,,
"000001","147","20240815","020",1.0,"",,,,
"000001","147","20241004","020",0.5,"",,,,
"000001","150","20220422","020",1.0,ワクチン接種,,,,
"000001","150","20220502","020",1.0,"",,,,
"000001","150","20220506","020",1.0,"",,,,
"000001","150","20220530","020",1.0,"",,,,
"000001","150","20220608","020",1.0,"",,,,
"000001","150","20220818","020",1.0,"",,,,
"000001","150","20220819","020",1.0,"",,,,
"000001","150","20220922","020",1.0,"",,,,
"000001","150","20221018","020",1.0,"",,,,
"000001","150","20221228","020",1.0,"",,,,
"000001","150","20230101","030",16.0,有休付与,,,,
"000001","150","20230104","020",1.0,"",,,,
"000001","150","20230118","020",1.0,"",,,,
"000001","150","20230209","020",1.0,"",,,,
"000001","150","20230210","020",1.0,"",,,,
"000001","150","20230301","020",1.0,"",,,,
"000001","150","20230320","020",1.0,"",,,,
"000001","150","20230328","020",1.0,"",,,,
"000001","150","20230330","020",1.0,"",,,,
"000001","150","20230616","020",1.0,"",,,,
"000001","150","20230630","020",1.0,"",,,,
"000001","150","20230728","020",1.0,"",,,,
"000001","150","20230810","020",1.0,"",,,,
"000001","150","20230814","020",1.0,"",,,,
"000001","150","20230815","020",1.0,"",,,,
"000001","150","20230821","020",1.0,"",,,,
"000001","150","20230922","020",1.0,HISOL振替休日,,,,
"000001","150","20231001","030",16.0,有休付与,,,,
"000001","150","20231020","020",1.0,"",,,,
"000001","150","20231124","020",1.0,"",,,,
"000001","150","20231228","020",1.0,"",,,,
"000001","150","20240101","030",16.0,有休付与,,,,
"000001","150","20240104","020",1.0,"",,,,
"000001","150","20240105","020",1.0,"",,,,
"000001","150","20240201","020",1.0,"",,,,
"000001","150","20240311","020",1.0,"",,,,
"000001","150","20240430","020",1.0,"",,,,
"000001","150","20240501","020",1.0,"",,,,
"000001","150","20240502","020",1.0,"",,,,
"000001","150","20240531","020",1.0,"",,,,
"000001","150","20240617","020",1.0,"",,,,
"000001","150","20240703","020",1.0,"",,,,
"000001","150","20240726","020",1.0,"",,,,
"000001","150","20240807","020",1.0,"",,,,
"000001","150","20240808","020",1.0,"",,,,
"000001","150","20240809","020",1.0,"",,,,
"000001","150","20240918","020",1.0,"",,,,
"000001","150","20241007","020",1.0,"",,,,
"000001","150","20241028","020",1.0,"",,,,
"000001","151","20220101","030",14.0,有休付与,,,,
"000001","151","20220414","020",1.0,"",,,,
"000001","151","20220415","020",1.0,"",,,,
"000001","151","20220418","020",1.0,"",,,,
"000001","151","20220419","020",1.0,"",,,,
"000001","151","20220420","020",1.0,"",,,,
"000001","151","20220421","020",1.0,"",,,,
"000001","151","20220502","020",1.0,"",,,,
"000001","151","20220808","020",1.0,"",,,,
"000001","151","20220916","020",1.0,"",,,,
"000001","151","20221003","020",1.0,"",,,,
"000001","151","20221104","020",1.0,"",,,,
"000001","151","20230101","030",16.0,有休付与,,,,
"000001","151","20230227","020",1.0,"",,,,
"000001","151","20230228","020",1.0,"",,,,
"000001","151","20230403","020",1.0,"",,,,
"000001","151","20230404","020",1.0,"",,,,
"000001","151","20230405","020",1.0,"",,,,
"000001","151","20230426","020",1.0,"",,,,
"000001","151","20230501","020",1.0,"",,,,
"000001","151","20230502","020",1.0,"",,,,
"000001","151","20230511","020",0.5,"",,,,
"000001","151","20230518","020",0.5,"",,,,
"000001","151","20230523","020",1.0,"",,,,
"000001","151","20230524","020",1.0,"",,,,
"000001","151","20230628","020",0.5,"",,,,
"000001","151","20230629","020",1.0,"",,,,
"000001","151","20230728","020",1.0,"",,,,
"000001","151","20230828","020",0.5,"",,,,
"000001","151","20230914","020",1.0,"",,,,
"000001","151","20231020","020",1.0,"",,,,
"000001","151","20231023","020",0.5,"",,,,
"000001","151","20240101","030",18.0,有休付与,,,,
"000001","151","20240301","020",0.5,"",,,,
"000001","151","20240315","020",0.5,"",,,,
"000001","151","20240321","020",1.0,"",,,,
"000001","151","20240404","020",0.5,"",,,,
"000001","151","20240418","020",0.5,"",,,,
"000001","151","20240425","020",0.5,"",,,,
"000001","151","20240430","020",1.0,"",,,,
"000001","151","20240501","020",1.0,"",,,,
"000001","151","20240502","020",1.0,"",,,,
"000001","151","20240510","020",0.5,"",,,,
"000001","151","20240516","020",1.0,"",,,,
"000001","151","20240604","020",0.5,"",,,,
"000001","151","20240607","020",0.5,"",,,,
"000001","151","20240614","020",1.0,"",,,,
"000001","151","20240627","020",0.5,"",,,,
"000001","151","20240704","020",0.5,"",,,,
"000001","151","20240716","020",1.0,"",,,,
"000001","151","20240725","020",0.5,"",,,,
"000001","151","20240815","020",1.0,"",,,,
"000001","151","20240819","020",1.0,"",,,,
"000001","151","20240826","020",0.5,"",,,,
"000001","151","20240904","020",1.0,"",,,,
"000001","151","20240920","020",1.0,"",,,,
"000001","151","20241018","020",1.0,"",,,,
"000001","152","20220502","020",1.0,"",,,,
"000001","152","20220506","020",1.0,"",,,,
"000001","152","20220810","020",1.0,"",,,,
"000001","152","20220812","020",1.0,"",,,,
"000001","152","20220927","020",1.0,現場のリーダーと相談して、年休を取りました。,,,,
"000001","152","20220928","020",1.0,現場のリーダーと相談して、年休を取りました。,,,,
"000001","152","20221121","020",1.0,"",,,,
"000001","152","20221201","030",14.0,有休付与,,,,
"000001","152","20221220","020",1.0,"",,,,
"000001","152","20221228","020",1.0,"",,,,
"000001","152","20230101","030",16.0,有休付与,,,,
"000001","152","20230104","020",1.0,"",,,,
"000001","152","20230428","020",1.0,"",,,,
"000001","152","20230501","020",1.0,"",,,,
"000001","152","20230502","020",1.0,"",,,,
"000001","152","20230615","020",1.0,"",,,,
"000001","152","20230817","020",1.0,"",,,,
"000001","152","20230818","020",1.0,"",,,,
"000001","152","20230821","020",1.0,"",,,,
"000001","152","20230822","020",1.0,"",,,,
"000001","152","20231115","020",1.0,"",,,,
"000001","152","20231227","020",1.0,"",,,,
"000001","152","20231228","020",1.0,"",,,,
"000001","152","20240101","030",18.0,有休付与,,,,
"000001","152","20240104","020",1.0,"",,,,
"000001","152","20240105","020",1.0,"",,,,
"000001","152","20240501","020",1.0,"",,,,
"000001","152","20240502","020",1.0,"",,,,
"000001","152","20240614","020",1.0,"",,,,
"000001","152","20240809","020",1.0,"",,,,
"000001","152","20240816","020",1.0,"",,,,
"000001","152","20241031","020",1.0,"",,,,
"000001","160","20220414","020",1.0,通院(腸カメラ),,,,
"000001","160","20220520","020",1.0,通院,,,,
"000001","160","20220721","020",1.0,"",,,,
"000001","160","20220817","020",1.0,"",,,,
"000001","160","20220818","020",1.0,"",,,,
"000001","160","20220915","020",0.5,通院のため,,,,
"000001","160","20221020","020",0.5,"",,,,
"000001","160","20221031","020",1.0,"",,,,
"000001","160","20221117","020",0.5,"",,,,
"000001","160","20221208","020",0.5,"",,,,
"000001","160","20221209","020",1.0,"",,,,
"000001","160","20221212","020",1.0,"",,,,
"000001","160","20221213","020",1.0,"",,,,
"000001","160","20221214","020",1.0,"",,,,
"000001","160","20221215","020",1.0,"",,,,
"000001","160","20221216","020",1.0,"",,,,
"000001","160","20221219","020",1.0,"",,,,
"000001","160","20221220","020",1.0,"",,,,
"000001","160","20221221","020",1.0,"",,,,
"000001","160","20221222","020",1.0,"",,,,
"000001","160","20221223","020",1.0,"",,,,
"000001","160","20221226","020",1.0,"",,,,
"000001","160","20221227","020",1.0,"",,,,
"000001","160","20221228","020",1.0,"",,,,
"000001","160","20221229","020",1.0,"",,,,
"000001","161","20220101","030",12.0,有休付与,,,,
"000001","161","20220118","020",1.0,"1月有休",,,,
"000001","161","20220224","020",1.0,"",,,,
"000001","161","20220502","020",1.0,"",,,,
"000001","161","20220513","020",1.0,"",,,,
"000001","161","20220616","020",1.0,"",,,,
"000001","161","20230101","030",14.0,有休付与,,,,
"000001","161","20230404","020",0.5,"",,,,
"000001","161","20230407","020",1.0,"",,,,
"000001","161","20230529","020",0.5,"",,,,
"000001","161","20230605","020",0.5,"",,,,
"000001","161","20230613","020",0.5,"",,,,
"000001","161","20230622","020",1.0,"",,,,
"000001","161","20230710","020",1.0,"",,,,
"000001","161","20230803","020",0.5,"",,,,
"000001","161","20230905","020",0.5,"",,,,
"000001","161","20230913","020",1.0,"",,,,
"000001","161","20230922","020",0.5,"",,,,
"000001","161","20231026","020",1.0,"",,,,
"000001","161","20240101","030",16.0,有休付与,,,,
"000001","161","20240105","020",1.0,"",,,,
"000001","161","20240306","020",0.5,"",,,,
"000001","161","20240411","020",1.0,"",,,,
"000001","161","20240501","020",1.0,"",,,,
"000001","161","20240502","020",1.0,"",,,,
"000001","161","20240531","020",1.0,"",,,,
"000001","161","20240711","020",1.0,"",,,,
"000001","161","20240716","020",1.0,"",,,,
"000001","162","20220408","020",1.0,"",,,,
"000001","162","20220425","020",1.0,"",,,,
"000001","162","20220502","020",1.0,"",,,,
"000001","162","20220506","020",1.0,"",,,,
"000001","162","20230101","030",14.0,有休付与,,,,
"000001","162","20230426","020",0.5,"",,,,
"000001","162","20230427","020",1.0,"",,,,
"000001","162","20230428","020",1.0,"",,,,
"000001","162","20230502","020",1.0,"",,,,
"000001","162","20230818","020",1.0,"",,,,
"000001","162","20231228","020",1.0,"",,,,
"000001","162","20240101","030",16.0,有休付与,,,,
"000001","162","20240104","020",1.0,"",,,,
"000001","162","20240430","020",1.0,"",,,,
"000001","162","20241002","020",1.0,"",,,,
"000001","162","20241031","020",1.0,"",,,,
"000001","165","20220502","020",1.0,年休,,,,
"000001","165","20220516","020",1.0,日曜日に三回目の接種により本日は体の調子が悪くて一日年休を取らせていただきます,,,,
"000001","165","20220701","030",12.0,有休付与,,,,
"000001","165","20220708","020",1.0,年休を取らせていただきます,,,,
"000001","165","20220810","020",1.0,年休,,,,
"000001","165","20220812","020",1.0,年休,,,,
"000001","165","20220913","020",1.0,"",,,,
"000001","165","20221031","020",1.0,年休を取る,,,,
"000001","165","20230228","020",0.5,"",,,,
"000001","165","20230328","020",1.0,年休を取る,,,,
"000001","165","20230428","020",1.0,現場のスケジュールに合わせるため年休を取らせていただきます,,,,
"000001","165","20230501","020",1.0,現場は休日なのでやむを得ない年始を取らせていただきます,,,,
"000001","165","20230502","020",1.0,現場は休日なのでやむを得ない年始を取らせていただきます,,,,
"000001","165","20230619","020",1.0,帰国するため、五日有給を取らせていただきます,,,,
"000001","165","20230620","020",1.0,帰国するため、五日有給を取らせていただきます,,,,
"000001","165","20230621","020",1.0,帰国するため、五日有給を取らせていただきます,,,,
"000001","165","20230622","020",1.0,帰国するため、五日有給を取らせていただきます,,,,
"000001","165","20230623","020",1.0,帰国するため、五日有給を取らせていただきます,,,,
"000001","165","20230701","030",14.0,有休付与,,,,
"000001","165","20230724","020",1.0,年休を取らせていただきます,,,,
"000001","165","20230817","020",1.0,年休を取らせていただきます,,,,
"000001","165","20230818","020",1.0,年休を取らせていただきます,,,,
"000001","165","20230922","020",1.0,"",,,,
"000001","165","20231027","020",1.0,"",,,,
"000001","165","20231121","020",1.0,"",,,,
"000001","165","20231208","020",1.0,"",,,,
"000001","165","20240119","020",1.0,"",,,,
"000001","165","20240321","020",1.0,年休,,,,
"000001","165","20240322","020",1.0,年休,,,,
"000001","165","20240426","020",1.0,年休,,,,
"000001","165","20240610","020",1.0,"",,,,
"000001","165","20240611","020",1.0,"",,,,
"000001","165","20240701","020",1.0,年休を取らせていただきます,,,,
"000001","165","20240701","030",16.0,有休付与,,,,
"000001","168","20220614","020",0.5,"",,,,
"000001","168","20220801","030",12.0,有休付与,,,,
"000001","168","20220818","020",1.0,"",,,,
"000001","168","20220819","020",1.0,"",,,,
"000001","168","20220822","020",1.0,日立夏休み,,,,
"000001","168","20220823","020",1.0,日立夏休み,,,,
"000001","168","20230502","020",1.0,日立休み,,,,
"000001","168","20230516","020",0.5,"",,,,
"000001","168","20230801","030",14.0,有休付与,,,,
"000001","168","20230914","020",1.0,"",,,,
"000001","168","20230915","020",1.0,"",,,,
"000001","168","20230919","020",1.0,"",,,,
"000001","168","20230925","020",1.0,"",,,,
"000001","171","20220131","020",1.0,"1月有給",,,,
"000001","171","20220221","020",0.5,"",,,,
"000001","171","20220228","020",1.0,"",,,,
"000001","171","20220404","020",1.0,"",,,,
"000001","171","20220415","020",1.0,ワクチン三回目接種副作用のため,,,,
"000001","171","20220422","020",0.5,ワクチン三回目接種のため,,,,
"000001","171","20220502","020",1.0,"",,,,
"000001","171","20220506","020",1.0,"",,,,
"000001","171","20220527","020",1.0,"",,,,
"000001","171","20220617","020",0.5,"",,,,
"000001","171","20220624","020",0.5,"",,,,
"000001","171","20220627","020",1.0,"",,,,
"000001","171","20220704","020",1.0,"",,,,
"000001","171","20220715","020",0.5,"",,,,
"000001","171","20220719","020",0.5,"",,,,
"000001","171","20220801","020",1.0,"",,,,
"000001","171","20220801","030",12.0,有休付与,,,,
"000001","171","20220812","020",1.0,"",,,,
"000001","171","20220822","020",0.5,"",,,,
"000001","171","20220826","020",1.0,"",,,,
"000001","171","20220902","020",1.0,"",,,,
"000001","171","20220912","020",1.0,"",,,,
"000001","171","20220916","020",0.5,"",,,,
"000001","171","20220922","020",0.5,"",,,,
"000001","171","20220930","020",0.5,"",,,,
"000001","171","20221021","020",1.0,"",,,,
"000001","171","20221026","020",0.5,"",,,,
"000001","171","20221104","020",1.0,"",,,,
"000001","171","20221116","020",0.5,"",,,,
"000001","171","20221229","020",1.0,"",,,,
"000001","171","20230113","020",1.0,"",,,,
"000001","171","20230120","020",1.0,"",,,,
"000001","171","20230224","020",1.0,"",,,,
"000001","171","20230801","030",14.0,有休付与,,,,
"000001","171","20230804","020",0.5,"",,,,
"000001","171","20230807","020",1.0,"",,,,
"000001","171","20230808","020",1.0,"",,,,
"000001","171","20230809","020",1.0,"",,,,
"000001","171","20230810","020",1.0,"",,,,
"000001","171","20230815","020",1.0,"",,,,
"000001","171","20230823","020",0.5,"",,,,
"000001","171","20230828","020",1.0,"",,,,
"000001","171","20230901","020",1.0,"",,,,
"000001","171","20230913","020",0.5,"",,,,
"000001","171","20230926","020",1.0,"",,,,
"000001","171","20231003","020",0.5,"",,,,
"000001","171","20231023","020",0.5,"",,,,
"000001","171","20231106","020",0.5,"",,,,
"000001","171","20231116","020",1.0,"",,,,
"000001","171","20231121","020",0.5,"",,,,
"000001","171","20240117","020",1.0,"",,,,
"000001","171","20240208","020",0.5,"",,,,
"000001","172","20220801","030",12.0,有休付与,,,,
"000001","175","20220214","020",1.0,健康診断受診のため,,,,
"000001","175","20220215","020",0.5,ワクチン接種の為,,,,
"000001","175","20220302","020",0.5,通院の為,,,,
"000001","175","20220311","020",1.0,健康診断再検査のため,,,,
"000001","175","20220510","020",1.0,"",,,,
"000001","175","20220518","020",0.5,通院のため,,,,
"000001","175","20220525","020",0.5,通院のため,,,,
"000001","175","20220928","020",1.0,"",,,,
"000001","175","20221001","030",12.0,有休付与,,,,
"000001","175","20221027","020",1.0,"",,,,
"000001","175","20221118","020",1.0,人間ドックのため,,,,
"000001","175","20230203","020",1.0,"",,,,
"000001","175","20230214","020",0.5,通院のため,,,,
"000001","175","20230317","020",1.0,検査通院,,,,
"000001","175","20230410","020",1.0,"",,,,
"000001","175","20230421","020",1.0,"",,,,
"000001","175","20230516","020",1.0,通院のため,,,,
"000001","175","20230525","020",0.5,通院のため,,,,
"000001","175","20230526","020",1.0,コロナ罹患のため,,,,
"000001","175","20230529","020",1.0,コロナ罹患のため,,,,
"000001","175","20230530","020",1.0,コロナ罹患のため,,,,
"000001","175","20230912","020",0.5,"",,,,
"000001","175","20230915","020",0.5,"",,,,
"000001","175","20230920","020",0.5,"",,,,
"000001","175","20230927","020",1.0,"",,,,
"000001","175","20230928","020",1.0,"",,,,
"000001","175","20231001","030",14.0,有休付与,,,,
"000001","175","20231002","020",0.5,"",,,,
"000001","175","20231013","020",1.0,"",,,,
"000001","175","20231017","020",1.0,"",,,,
"000001","175","20231018","020",1.0,"",,,,
"000001","175","20231019","020",1.0,"",,,,
"000001","175","20231023","020",1.0,"",,,,
"000001","175","20231101","020",1.0,"",,,,
"000001","175","20231102","020",0.5,"",,,,
"000001","175","20231117","020",0.5,"",,,,
"000001","175","20231205","020",1.0,"",,,,
"000001","175","20240129","020",1.0,"",,,,
"000001","175","20240130","020",1.0,"",,,,
"000001","175","20240131","020",1.0,"",,,,
"000001","175","20240520","020",1.0,"",,,,
"000001","175","20240827","020",0.5,"",,,,
"000001","175","20241001","030",16.0,有休付与,,,,
"000001","175","20241009","020",1.0,"",,,,
"000001","175","20241011","020",1.0,"",,,,
"000001","175","20241018","020",1.0,通院のため,,,,
"000001","175","20241024","020",1.0,"",,,,
"000001","175","20241028","020",1.0,"",,,,
"000001","175","20241029","020",1.0,"",,,,
"000001","175","20241030","020",1.0,"",,,,
"000001","175","20241031","020",1.0,"",,,,
"000001","176","20220502","020",1.0,日立特別休日,,,,
"000001","176","20220506","020",1.0,チーム全員休みの為,,,,
"000001","176","20220627","020",1.0,"",,,,
"000001","176","20220812","020",1.0,"",,,,
"000001","176","20220818","020",1.0,"",,,,
"000001","176","20220819","020",1.0,"",,,,
"000001","176","20220909","020",1.0,"",,,,
"000001","176","20220926","020",1.0,"",,,,
"000001","176","20221001","030",12.0,有休付与,,,,
"000001","176","20221110","020",1.0,"",,,,
"000001","176","20221212","020",1.0,"",,,,
"000001","176","20221228","020",1.0,"",,,,
"000001","176","20230104","020",1.0,"",,,,
"000001","176","20230210","020",1.0,"",,,,
"000001","176","20230317","020",1.0,"",,,,
"000001","176","20230428","020",1.0,"",,,,
"000001","176","20230501","020",1.0,"",,,,
"000001","176","20230502","020",1.0,"",,,,
"000001","176","20230724","020",1.0,"",,,,
"000001","176","20230817","020",1.0,"",,,,
"000001","176","20230818","020",1.0,"",,,,
"000001","176","20230904","020",1.0,"",,,,
"000001","176","20230922","020",1.0,"",,,,
"000001","176","20231001","030",14.0,有休付与,,,,
"000001","176","20231024","020",1.0,"",,,,
"000001","176","20231025","020",1.0,"",,,,
"000001","176","20231212","020",1.0,"",,,,
"000001","176","20231228","020",1.0,"",,,,
"000001","176","20240104","020",1.0,"",,,,
"000001","176","20240105","020",1.0,"",,,,
"000001","176","20240209","020",1.0,"",,,,
"000001","176","20240314","020",1.0,"",,,,
"000001","176","20240430","020",1.0,"",,,,
"000001","176","20240501","020",1.0,"",,,,
"000001","176","20240502","020",1.0,"",,,,
"000001","176","20240704","020",1.0,"",,,,
"000001","176","20240809","020",1.0,"",,,,
"000001","176","20240816","020",1.0,"",,,,
"000001","177","20220201","030",11.0,有休付与,,,,
"000001","177","20220630","020",1.0,引っ越し準備のため,,,,
"000001","177","20220701","020",1.0,引っ越し準備のため,,,,
"000001","177","20220812","020",1.0,"",,,,
"000001","177","20221001","030",12.0,有休付与,,,,
"000001","177","20221226","020",1.0,"",,,,
"000001","177","20230104","020",1.0,"",,,,
"000001","177","20230105","020",1.0,"",,,,
"000001","177","20230106","020",1.0,"",,,,
"000001","177","20230210","020",1.0,"",,,,
"000001","177","20230320","020",0.5,"",,,,
"000001","177","20230330","020",1.0,"",,,,
"000001","177","20230331","020",1.0,"",,,,
"000001","177","20230410","020",0.5,"",,,,
"000001","177","20230428","020",1.0,"",,,,
"000001","177","20230501","020",1.0,"",,,,
"000001","177","20230502","020",1.0,"",,,,
"000001","177","20231001","030",14.0,有休付与,,,,
"000001","177","20231124","020",1.0,"",,,,
"000001","177","20240430","020",1.0,"",,,,
"000001","177","20240501","020",1.0,"",,,,
"000001","177","20240502","020",1.0,"",,,,
"000001","177","20240716","020",1.0,"",,,,
"000001","182","20220104","020",1.0,"1月有給",,,,
"000001","182","20220105","020",1.0,"1月有給",,,,
"000001","182","20220209","020",1.0,通院,,,,
"000001","182","20220318","020",1.0,"",,,,
"000001","182","20221101","030",12.0,有休付与,,,,
"000001","182","20230522","020",1.0,"",,,,
"000001","182","20230614","020",1.0,"",,,,
"000001","182","20231101","030",14.0,有休付与,,,,
"000001","182","20231124","020",1.0,"",,,,
"000001","182","20240105","020",1.0,"",,,,
"000001","182","20240110","020",1.0,"",,,,
"000001","182","20240124","020",1.0,"",,,,
"000001","182","20240326","020",1.0,"",,,,
"000001","182","20240502","020",1.0,"",,,,
"000001","182","20240515","020",0.5,"",,,,
"000001","182","20240524","020",0.5,"",,,,
"000001","182","20240529","020",0.5,"",,,,
"000001","182","20240701","020",1.0,"",,,,
"000001","182","20240708","020",1.0,"",,,,
"000001","182","20240709","020",1.0,"",,,,
"000001","182","20240716","020",1.0,"",,,,
"000001","182","20240722","020",1.0,"",,,,
"000001","182","20240729","020",1.0,"",,,,
"000001","182","20240730","020",1.0,"",,,,
"000001","182","20240731","020",1.0,"",,,,
"000001","182","20240903","020",1.0,"",,,,
"000001","182","20241011","020",1.0,"",,,,
"000001","182","20241025","020",1.0,"",,,,
"000001","184","20230101","030",12.0,有休付与,,,,
"000001","184","20240101","030",14.0,有休付与,,,,
"000001","184","20240516","020",0.5,"別途、メールに方向させていただきますが
通院のため、午後休をいただきました。",,,,
"000001","184","20240520","020",0.5,"別途、メールにて報告させていただいおりますが
通院のため、午前休を取得させていただきます。",,,,
"000001","184","20240522","020",0.5,"別途、メールにて報告させていただいおりますが
通院のため、午後休を取得させていただきます。",,,,
"000001","184","20240523","020",0.5,"別途、メールにて報告させていただいおりますが
通院のため、午後休を取得させていただきます。",,,,
"000001","184","20240531","020",0.5,検査通院のため。,,,,
"000001","184","20240604","020",1.0,入院・手術のため,,,,
"000001","184","20240605","020",1.0,入院・手術のため,,,,
"000001","184","20240606","020",1.0,入院・手術のため,,,,
"000001","184","20240607","020",1.0,入院・手術のため,,,,
"000001","184","20240610","020",1.0,入院・手術のため,,,,
"000001","184","20240611","020",1.0,入院が延長となってしまったため、追加で申請させていただきます。,,,,
"000001","184","20240612","020",1.0,入院が延長となってしまったため、追加で申請させていただきます。,,,,
"000001","184","20240613","020",1.0,入院が延長となってしまったため、追加で申請させていただきます。,,,,
"000001","184","20240624","020",0.5,通院のため、午前休をいただきます。,,,,
"000001","184","20240625","020",0.5,"通院のため、午後休をいただきます。
24日の診察で25日は、午後からの診察になったと言われました。",,,,
"000001","184","20240627","020",0.5,通院のため、午後休を申請させていただきます。,,,,
"000001","184","20240702","020",0.5,通院のため、午前休を取得させていただきます。,,,,
"000001","184","20240705","020",0.5,通院のため、午後休を取得させていただきます。,,,,
"000001","184","20241010","020",0.5,通院で検査・治療のため、午後休とさせていただきます。,,,,
"000001","184","20241016","020",0.5,通院で検査・治療のため、午後休とさせていただきます。,,,,
"000001","186","20220201","030",11.0,有休付与,,,,
"000001","186","20220210","020",1.0,"",,,,
"000001","186","20220303","020",1.0,"",,,,
"000001","186","20220307","020",1.0,新型コロナウィルス陽性のため,,,,
"000001","186","20220308","020",1.0,新型コロナウィルス陽性のため,,,,
"000001","186","20220309","020",1.0,新型コロナウィルス陽性のため,,,,
"000001","186","20220310","020",1.0,新型コロナウィルス陽性のため,,,,
"000001","186","20220311","020",1.0,新型コロナウィルス陽性のため,,,,
"000001","186","20220314","020",1.0,新型コロナウィルス陽性のため,,,,
"000001","186","20220330","020",1.0,親の入院付き添いのため,,,,
"000001","186","20220502","020",1.0,"",,,,
"000001","186","20220613","020",1.0,"",,,,
"000001","186","20220829","020",1.0,健康診断,,,,
"000001","186","20220902","020",1.0,介護のため,,,,
"000001","186","20220905","020",1.0,母の看取りを行うため,,,,
"000001","186","20220906","020",1.0,母の看取りを行うため,,,,
"000001","186","20230201","030",12.0,有休付与,,,,
"000001","186","20230202","020",1.0,"",,,,
"000001","186","20230203","020",1.0,"",,,,
"000001","186","20230227","020",1.0,"",,,,
"000001","186","20230228","020",1.0,"",,,,
"000001","186","20230413","020",1.0,こどもの入学式のため,,,,
"000001","186","20230623","020",1.0,"",,,,
"000001","186","20230703","020",1.0,"",,,,
"000001","186","20230718","020",1.0,"",,,,
"000001","186","20230907","020",0.5,社内管理システムの故障により９月に申請して頂いた有給の再申請,,,,
"000001","186","20230911","020",0.5,社内管理システムの故障により９月に申請して頂いた有給の再申請,,,,
"000001","186","20231018","020",0.5,AZ-900テスト受講です,,,,
"000001","186","20231205","020",1.0,"",,,,
"000001","186","20231218","020",1.0,"",,,,
"000001","186","20231219","020",0.5,"",,,,
"000001","186","20240201","030",14.0,有休付与,,,,
"000001","186","20240209","020",1.0,"",,,,
"000001","186","20240226","020",0.5,"",,,,
"000001","186","20240411","020",1.0,"",,,,
"000001","186","20240422","020",1.0,"",,,,
"000001","186","20240607","020",0.5,"",,,,
"000001","186","20240621","020",0.5,"",,,,
"000001","186","20240717","020",1.0,"",,,,
"000001","186","20240808","020",1.0,"",,,,
"000001","186","20240816","020",1.0,"",,,,
"000001","186","20240930","020",0.5,"",,,,
"000001","187","20230301","030",12.0,有休付与,,,,
"000001","187","20230329","020",1.0,"",,,,
"000001","187","20230626","020",1.0,"家族の体調不良による看病のため。
申請が遅くなりまして申し訳ありません。",,,,
"000001","187","20230712","020",1.0,申請が事後となりまして申し訳ありません。,,,,
"000001","187","20230714","020",0.5,"申請が事後となりまして申し訳ありません。
家族の看病のため午後休となります。",,,,
"000001","187","20230914","020",1.0,社内勤務システムの不具合にともなう再申請,,,,
"000001","187","20230927","020",1.0,社内勤務システムの不具合にともなう再申請,,,,
"000001","187","20231219","020",1.0,"",,,,
"000001","187","20240301","030",14.0,有休付与,,,,
"000001","187","20240322","020",1.0,"",,,,
"000001","187","20240528","020",1.0,"",,,,
"000001","187","20240704","020",1.0,"",,,,
"000001","187","20240709","020",1.0,"",,,,
"000001","187","20240731","020",0.5,"",,,,
"000001","187","20240823","020",0.5,"",,,,
"000001","187","20240829","020",0.5,"",,,,
"000001","187","20241017","020",0.5,"",,,,
"000001","187","20241022","020",1.0,"",,,,
"000001","187","20241030","020",0.5,"",,,,
"000001","191","20220302","020",0.5,"",,,,
"000001","191","20220401","030",11.0,有休付与,,,,
"000001","191","20220412","020",0.5,"",,,,
"000001","191","20220420","020",1.0,"",,,,
"000001","191","20220510","020",1.0,"",,,,
"000001","191","20220513","020",0.5,"",,,,
"000001","191","20220525","020",0.5,"",,,,
"000001","191","20220607","020",0.5,"",,,,
"000001","191","20220704","020",1.0,"",,,,
"000001","191","20220803","020",0.5,"",,,,
"000001","191","20220830","020",0.5,"",,,,
"000001","191","20220914","020",0.5,"",,,,
"000001","191","20220930","020",1.0,"",,,,
"000001","191","20221013","020",1.0,"",,,,
"000001","191","20221024","020",0.5,"",,,,
"000001","191","20221104","020",1.0,"",,,,
"000001","191","20221116","020",0.5,"",,,,
"000001","191","20221117","020",1.0,"",,,,
"000001","191","20221118","020",1.0,"",,,,
"000001","197","20220701","030",11.0,有休付与,,,,
"000001","197","20230530","020",1.0,運転免許試験を受ける,,,,
"000001","197","20230701","030",12.0,有休付与,,,,
"000001","197","20230929","020",1.0,"",,,,
"000001","197","20231012","020",1.0,中国に戻る,,,,
"000001","197","20231013","020",1.0,中国に戻る,,,,
"000001","197","20231016","020",1.0,中国に戻る,,,,
"000001","197","20231017","020",1.0,中国に戻る,,,,
"000001","197","20231018","020",1.0,中国に戻る,,,,
"000001","197","20231019","020",1.0,中国に戻る,,,,
"000001","197","20231020","020",1.0,中国に戻る,,,,
"000001","197","20240329","020",1.0,帰国,,,,
"000001","197","20240401","020",1.0,帰国,,,,
"000001","197","20240402","020",1.0,帰国,,,,
"000001","197","20240403","020",1.0,帰国,,,,
"000001","197","20240404","020",1.0,帰国,,,,
"000001","197","20240405","020",1.0,帰国,,,,
"000001","197","20240408","020",1.0,帰国,,,,
"000001","197","20240409","020",1.0,帰国,,,,
"000001","197","20240410","020",1.0,帰国,,,,
"000001","197","20240411","020",1.0,帰国,,,,
"000001","197","20240412","020",1.0,帰国,,,,
"000001","197","20240701","030",14.0,有休付与,,,,
"000001","198","20220502","020",1.0,"",,,,
"000001","198","20220506","020",1.0,"",,,,
"000001","198","20220901","030",11.0,有休付与,,,,
"000001","198","20221104","020",1.0,"",,,,
"000001","198","20221212","020",1.0,健康診断のため,,,,
"000001","198","20221226","020",0.5,健康診断のため,,,,
"000001","198","20221229","020",1.0,年末休暇,,,,
"000001","198","20230210","020",1.0,"",,,,
"000001","198","20230216","020",1.0,通院のため,,,,
"000001","198","20230608","020",1.0,"",,,,
"000001","198","20230626","020",1.0,"",,,,
"000001","198","20230901","030",12.0,有休付与,,,,
"000001","198","20231113","020",1.0,"",,,,
"000001","198","20240501","020",1.0,"",,,,
"000001","198","20240502","020",1.0,"",,,,
"000001","198","20240514","020",1.0,"",,,,
"000001","198","20240701","020",1.0,"",,,,
"000001","199","20220901","030",11.0,有休付与,,,,
"000001","199","20230203","020",1.0,"",,,,
"000001","199","20230210","020",1.0,"",,,,
"000001","200","20220419","020",1.0,"",,,,
"000001","200","20220831","020",1.0,運転免許証テスト参加します。現場のリーダーの同意を得た。,,,,
"000001","200","20220901","030",11.0,有休付与,,,,
"000001","200","20221228","020",1.0,現場の年末年始は12月28日－1月4日なので、休み申請します。,,,,
"000001","200","20230104","020",1.0,現場に年末年使ので,,,,
"000001","200","20230106","020",1.0,体調不良ので,,,,
"000001","200","20230116","020",0.5,私用ので,,,,
"000001","200","20230120","020",1.0,私用ので,,,,
"000001","202","20220406","020",1.0,ワクチン注射,,,,
"000001","202","20220407","020",1.0,ワクチン注射,,,,
"000001","202","20220726","020",1.0,"",,,,
"000001","202","20220812","020",1.0,"",,,,
"000001","202","20220815","020",1.0,"",,,,
"000001","202","20220816","020",1.0,"",,,,
"000001","202","20220920","020",0.5,"",,,,
"000001","202","20220926","020",0.5,"",,,,
"000001","202","20221001","030",11.0,有休付与,,,,
"000001","202","20221024","020",1.0,"",,,,
"000001","202","20230303","020",0.5,"",,,,
"000001","202","20230501","020",1.0,"",,,,
"000001","202","20230502","020",1.0,"",,,,
"000001","202","20230508","020",1.0,"",,,,
"000001","202","20230823","020",1.0,"",,,,
"000001","202","20230904","020",1.0,"",,,,
"000001","202","20230905","020",1.0,"",,,,
"000001","202","20231001","030",12.0,有休付与,,,,
"000001","202","20231002","020",0.5,"",,,,
"000001","202","20231017","020",1.0,"",,,,
"000001","202","20231122","020",1.0,病気,,,,
"000001","202","20231225","020",1.0,"",,,,
"000001","202","20240109","020",1.0,"",,,,
"000001","202","20240111","020",1.0,"",,,,
"000001","202","20240131","020",1.0,"",,,,
"000001","202","20240314","020",1.0,"",,,,
"000001","202","20240322","020",1.0,"",,,,
"000001","202","20240501","020",1.0,"",,,,
"000001","202","20240625","020",0.5,"",,,,
"000001","202","20240716","020",1.0,"",,,,
"000001","202","20240717","020",1.0,"",,,,
"000001","202","20240718","020",1.0,"",,,,
"000001","202","20240719","020",1.0,"",,,,
"000001","202","20240926","020",1.0,"",,,,
"000001","202","20240927","020",1.0,"",,,,
"000001","202","20240930","020",1.0,"",,,,
"000001","203","20220222","020",0.5,マイナンバーカードへ取りに行きます。,,,,
"000001","203","20220311","020",0.5,"",,,,
"000001","205","20220322","020",1.0,"",,,,
"000001","205","20220606","020",1.0,"",,,,
"000001","205","20220624","020",1.0,"",,,,
"000001","206","20221101","030",11.0,有休付与,,,,
"000001","206","20221125","020",1.0,妻が38度超える熱を出しており、安全の為有給を申請致します。,,,,
"000001","206","20221128","020",1.0,"家族が私以外コロナになり、病院の指示により11月29日まで濃厚接触者外出禁止の為。
私自身が症状発症した場合は、さらに延長の可能性あり。",,,,
"000001","206","20221129","020",1.0,"家族が私以外コロナになり、病院の指示により11月29日まで濃厚接触者外出禁止の為。
私自身が症状発症した場合は、さらに延長の可能性あり。",,,,
"000001","206","20221208","020",1.0,福岡転勤の準備を行うため。,,,,
"000001","206","20230202","020",1.0,"",,,,
"000001","206","20230203","020",1.0,"",,,,
"000001","206","20230209","020",0.5,"",,,,
"000001","206","20230501","020",0.5,私用の為、午前休を取得します。,,,,
"000001","206","20230511","020",0.5,"",,,,
"000001","206","20230530","020",1.0,腰痛の為,,,,
"000001","206","20230620","020",1.0,"",,,,
"000001","206","20230703","020",1.0,"",,,,
"000001","206","20230704","020",1.0,"",,,,
"000001","206","20230731","020",1.0,"",,,,
"000001","206","20230801","020",1.0,"",,,,
"000001","206","20230802","020",1.0,"",,,,
"000001","206","20230803","020",1.0,"",,,,
"000001","206","20230914","020",1.0,"",,,,
"000001","206","20231012","020",1.0,私用の為。,,,,
"000001","206","20231030","020",1.0,"",,,,
"000001","206","20231101","030",12.0,有休付与,,,,
"000001","206","20231115","020",1.0,"",,,,
"000001","206","20231122","020",1.0,"",,,,
"000001","206","20231208","020",1.0,"",,,,
"000001","206","20231222","020",1.0,入院中の父親体調が急遽悪化したため。,,,,
"000001","206","20240118","020",1.0,札幌に行き、49日と納骨式の段取りと準備を行う為。,,,,
"000001","206","20240119","020",1.0,札幌に行き、49日と納骨式の段取りと準備を行う為。,,,,
"000001","206","20240205","020",1.0,"",,,,
"000001","206","20240215","020",1.0,引越手伝いの為,,,,
"000001","206","20240312","020",0.5,"",,,,
"000001","207","20220120","020",1.0,"1月有給",,,,
"000001","207","20220322","020",1.0,"",,,,
"000001","207","20220412","020",1.0,"",,,,
"000001","207","20220510","020",1.0,PCR検査受けに行った日,,,,
"000001","207","20220512","020",1.0,PCR検査陽性だった為、自宅療養期間,,,,
"000001","207","20220531","020",1.0,"",,,,
"000001","207","20220719","020",1.0,"",,,,
"000001","207","20220726","020",1.0,"",,,,
"000001","207","20220816","020",1.0,"",,,,
"000001","207","20221201","030",11.0,有休付与,,,,
"000001","207","20221206","020",1.0,"",,,,
"000001","207","20221229","020",1.0,"",,,,
"000001","207","20230119","020",1.0,"",,,,
"000001","207","20230207","020",1.0,"",,,,
"000001","207","20230220","020",1.0,インフルの為,,,,
"000001","207","20230221","020",1.0,インフルの為,,,,
"000001","207","20230222","020",1.0,インフルの為,,,,
"000001","207","20230315","020",1.0,"",,,,
"000001","207","20230329","020",1.0,"",,,,
"000001","207","20230410","020",1.0,"",,,,
"000001","207","20230428","020",1.0,"",,,,
"000001","207","20231201","030",12.0,有休付与,,,,
"000001","207","20231218","020",1.0,"",,,,
"000001","207","20231220","020",1.0,"",,,,
"000001","207","20240111","020",1.0,"",,,,
"000001","207","20240112","020",1.0,"",,,,
"000001","207","20240206","020",1.0,"",,,,
"000001","207","20240213","020",1.0,"",,,,
"000001","207","20240327","020",1.0,"",,,,
"000001","207","20240328","020",1.0,"",,,,
"000001","207","20240422","020",1.0,"",,,,
"000001","207","20240423","020",1.0,"",,,,
"000001","207","20240424","020",1.0,"",,,,
"000001","207","20240425","020",1.0,"",,,,
"000001","208","20220502","020",1.0,"",,,,
"000001","208","20221201","030",11.0,有休付与,,,,
"000001","208","20230516","020",1.0,"",,,,
"000001","208","20230517","020",1.0,"",,,,
"000001","208","20230518","020",1.0,"",,,,
"000001","208","20230519","020",1.0,"",,,,
"000001","208","20230522","020",1.0,"",,,,
"000001","208","20230523","020",1.0,"",,,,
"000001","208","20230524","020",1.0,"",,,,
"000001","208","20230525","020",1.0,"",,,,
"000001","208","20230526","020",1.0,"",,,,
"000001","208","20230529","020",1.0,"",,,,
"000001","208","20230530","020",1.0,"",,,,
"000001","208","20230531","020",1.0,"",,,,
"000001","208","20231201","030",12.0,有休付与,,,,
"000001","210","20220502","020",1.0,ゴールデンウィークで現場指定のため,,,,
"000001","210","20220506","020",1.0,ゴールデンウィークで現場指定のため,,,,
"000001","210","20220721","020",1.0,コロナ陽性のため　有給休暇４日　夏休３日,,,,
"000001","210","20220722","020",1.0,コロナ陽性のため　有給休暇４日　夏休３日,,,,
"000001","210","20220725","020",1.0,コロナ陽性のため　有給休暇４日　夏休３日,,,,
"000001","210","20220726","020",1.0,コロナ陽性のため　有給休暇４日　夏休３日,,,,
"000001","210","20220812","020",1.0,"",,,,
"000001","210","20230101","030",11.0,有休付与,,,,
"000001","210","20230502","020",1.0,"",,,,
"000001","210","20231002","020",1.0,"",,,,
"000001","210","20231003","020",1.0,"",,,,
"000001","210","20240101","030",12.0,有休付与,,,,
"000001","210","20240301","020",1.0,"",,,,
"000001","210","20240304","020",1.0,"",,,,
"000001","210","20240305","020",1.0,"",,,,
"000001","210","20240603","020",1.0,"",,,,
"000001","210","20240607","020",1.0,"",,,,
"000001","210","20240610","020",1.0,"",,,,
"000001","210","20240611","020",1.0,"",,,,
"000001","210","20240613","020",1.0,"",,,,
"000001","210","20240617","020",1.0,"",,,,
"000001","210","20240619","020",1.0,"",,,,
"000001","210","20240621","020",1.0,"",,,,
"000001","210","20240625","020",1.0,"",,,,
"000001","210","20240626","020",1.0,"",,,,
"000001","210","20240627","020",1.0,"",,,,
"000001","210","20240628","020",1.0,"",,,,
"000001","210","20241016","020",1.0,"",,,,
"000001","211","20220101","030",10.0,有休付与,,,,
"000001","211","20220502","020",1.0,"",,,,
"000001","211","20220525","020",1.0,"",,,,
"000001","211","20220527","020",0.5,"",,,,
"000001","211","20220531","020",0.5,"",,,,
"000001","211","20220701","020",1.0,"",,,,
"000001","211","20220930","020",1.0,"",,,,
"000001","211","20221223","020",0.5,"",,,,
"000001","211","20230101","030",11.0,有休付与,,,,
"000001","211","20231226","020",1.0,"",,,,
"000001","211","20231227","020",1.0,"",,,,
"000001","211","20231228","020",1.0,"",,,,
"000001","211","20240101","030",12.0,有休付与,,,,
"000001","211","20240430","020",1.0,"",,,,
"000001","211","20240501","020",1.0,"",,,,
"000001","211","20240502","020",1.0,"",,,,
"000001","212","20220301","030",10.0,有休付与,,,,
"000001","212","20220315","020",1.0,"",,,,
"000001","212","20220415","020",1.0,"",,,,
"000001","212","20220502","020",1.0,日立休日,,,,
"000001","212","20220624","020",1.0,"",,,,
"000001","212","20220715","020",1.0,"",,,,
"000001","212","20220830","020",1.0,"",,,,
"000001","212","20221020","020",0.5,健康診断のため,,,,
"000001","212","20221101","020",1.0,"",,,,
"000001","212","20221115","020",0.5,"",,,,
"000001","212","20230126","020",0.5,通院の為,,,,
"000001","212","20230301","030",11.0,有休付与,,,,
"000001","212","20230306","020",1.0,"",,,,
"000001","212","20230414","020",1.0,"",,,,
"000001","212","20230620","020",0.5,ビザ更新,,,,
"000001","212","20230711","020",1.0,"",,,,
"000001","212","20230720","020",0.5,"",,,,
"000001","212","20230901","020",1.0,"",,,,
"000001","212","20230904","020",1.0,"",,,,
"000001","212","20230905","020",1.0,"",,,,
"000001","212","20230906","020",1.0,"",,,,
"000001","212","20230907","020",1.0,"",,,,
"000001","212","20230908","020",1.0,"",,,,
"000001","212","20230911","020",1.0,"",,,,
"000001","212","20230912","020",1.0,"",,,,
"000001","212","20240209","020",0.5,"",,,,
"000001","212","20240301","030",12.0,有休付与,,,,
"000001","212","20240307","020",1.0,"",,,,
"000001","212","20240401","020",1.0,"",,,,
"000001","212","20240402","020",1.0,"",,,,
"000001","212","20240403","020",1.0,"",,,,
"000001","212","20240404","020",1.0,"",,,,
"000001","212","20240405","020",1.0,"",,,,
"000001","212","20240408","020",1.0,"",,,,
"000001","212","20240409","020",1.0,"",,,,
"000001","212","20240411","020",1.0,"",,,,
"000001","212","20240415","020",0.5,"",,,,
"000001","212","20240710","020",0.5,"",,,,
"000001","212","20240716","020",0.5,"",,,,
"000001","212","20240819","020",0.5,"",,,,
"000001","212","20240826","020",1.0,"",,,,
"000001","214","20220301","030",10.0,有休付与,,,,
"000001","214","20220315","020",1.0,"",,,,
"000001","214","20220624","020",1.0,"",,,,
"000001","214","20220627","020",1.0,"",,,,
"000001","214","20220926","020",0.5,"",,,,
"000001","214","20220930","020",1.0,"",,,,
"000001","214","20221003","020",1.0,"",,,,
"000001","214","20221104","020",1.0,"",,,,
"000001","214","20221208","020",0.5,"",,,,
"000001","214","20230123","020",1.0,"",,,,
"000001","214","20230124","020",1.0,"",,,,
"000001","214","20230301","030",11.0,有休付与,,,,
"000001","214","20230320","020",1.0,"",,,,
"000001","214","20230502","020",1.0,"",,,,
"000001","214","20230525","020",1.0,コロナ陽性の為,,,,
"000001","214","20230526","020",1.0,コロナ陽性の為,,,,
"000001","214","20230529","020",0.5,"",,,,
"000001","214","20230720","020",1.0,"",,,,
"000001","214","20230721","020",1.0,"",,,,
"000001","215","20220502","020",1.0,"",,,,
"000001","215","20220527","020",1.0,"",,,,
"000001","215","20220628","020",0.5,通院,,,,
"000001","215","20220701","020",1.0,N1テスト準備のため,,,,
"000001","215","20220824","020",0.5,テレワーク期間,,,,
"000001","215","20220825","020",1.0,コロナ,,,,
"000001","215","20220826","020",1.0,コロナ,,,,
"000001","215","20220906","020",1.0,"",,,,
"000001","215","20221028","020",1.0,体調不良,,,,
"000001","215","20221031","020",1.0,体調不良,,,,
"000001","215","20221115","020",1.0,ワクチン接種副作用,,,,
"000001","215","20230401","030",11.0,有休付与,,,,
"000001","215","20230901","020",1.0,"",,,,
"000001","215","20230904","020",1.0,"",,,,
"000001","215","20230905","020",1.0,"",,,,
"000001","215","20230906","020",1.0,"",,,,
"000001","215","20230907","020",1.0,"",,,,
"000001","215","20230908","020",1.0,"",,,,
"000001","215","20231020","020",1.0,"",,,,
"000001","215","20231211","020",1.0,"",,,,
"000001","215","20231220","020",0.5,通院,,,,
"000001","215","20240122","020",1.0,"",,,,
"000001","215","20240209","020",0.5,"",,,,
"000001","215","20240401","030",12.0,有休付与,,,,
"000001","215","20240404","020",0.5,区役所に行くため,,,,
"000001","215","20240410","020",0.5,"",,,,
"000001","215","20240523","020",0.5,"",,,,
"000001","215","20240610","020",0.5,"",,,,
"000001","215","20240620","020",1.0,"",,,,
"000001","215","20240621","020",1.0,"",,,,
"000001","215","20240624","020",1.0,"",,,,
"000001","215","20240821","020",0.5,"",,,,
"000001","215","20240930","020",1.0,"",,,,
"000001","215","20241001","020",1.0,"",,,,
"000001","215","20241002","020",1.0,"",,,,
"000001","215","20241003","020",1.0,"",,,,
"000001","215","20241030","020",1.0,"",,,,
"000001","216","20220701","030",10.0,有休付与,,,,
"000001","216","20220712","020",1.0,"",,,,
"000001","216","20220713","020",1.0,"",,,,
"000001","216","20220914","020",1.0,"",,,,
"000001","216","20220916","020",0.5,"",,,,
"000001","216","20220927","020",0.5,"",,,,
"000001","216","20221021","020",1.0,"",,,,
"000001","216","20221026","020",1.0,"",,,,
"000001","216","20221102","020",1.0,"",,,,
"000001","216","20230227","020",0.5,"",,,,
"000001","216","20230701","030",11.0,有休付与,,,,
"000001","216","20230703","020",0.5,"",,,,
"000001","216","20230706","020",1.0,"",,,,
"000001","216","20230712","020",0.5,"",,,,
"000001","216","20230914","020",1.0,"",,,,
"000001","216","20230929","020",1.0,"",,,,
"000001","216","20231101","020",1.0,"",,,,
"000001","216","20231110","020",1.0,"",,,,
"000001","216","20231212","020",1.0,"",,,,
"000001","216","20231218","020",1.0,"",,,,
"000001","216","20240104","020",1.0,"",,,,
"000001","216","20240606","020",0.5,"",,,,
"000001","216","20240614","020",1.0,"",,,,
"000001","216","20240701","030",12.0,有休付与,,,,
"000001","216","20240710","020",1.0,"",,,,
"000001","216","20240805","020",1.0,"",,,,
"000001","216","20240917","020",1.0,"",,,,
"000001","217","20220701","030",10.0,有休付与,,,,
"000001","217","20221228","020",1.0,現場による作業時間180時間以内調整の為、休暇取得,,,,
"000001","217","20230110","020",1.0,"休暇予定変更
１／４（水曜）変更後、１／１０（火曜）",,,,
"000001","217","20230116","020",1.0,家事の為、全休させていただきます。,,,,
"000001","217","20230428","020",1.0,現場休日の為,,,,
"000001","218","20230303","020",1.0,"",,,,
"000001","218","20230320","020",1.0,"",,,,
"000001","218","20230421","020",1.0,"",,,,
"000001","218","20230502","020",1.0,"",,,,
"000001","218","20230519","020",0.5,先月不足した0.5日分の補足,,,,
"000001","218","20230622","020",1.0,"",,,,
"000001","218","20230701","030",11.0,有休付与,,,,
"000001","218","20230911","020",1.0,"",,,,
"000001","218","20231013","020",1.0,"",,,,
"000001","218","20231016","020",1.0,"",,,,
"000001","218","20231102","020",0.5,"",,,,
"000001","218","20231107","020",0.5,"",,,,
"000001","218","20231124","020",1.0,"",,,,
"000001","218","20231228","020",1.0,"",,,,
"000001","218","20240209","020",1.0,"",,,,
"000001","218","20240415","020",0.5,"",,,,
"000001","218","20240430","020",1.0,"",,,,
"000001","218","20240501","020",1.0,"",,,,
"000001","218","20240502","020",1.0,"",,,,
"000001","218","20240523","020",1.0,"",,,,
"000001","218","20240530","020",1.0,"",,,,
"000001","218","20240606","020",1.0,"",,,,
"000001","218","20240701","030",12.0,有休付与,,,,
"000001","218","20240712","020",0.5,"",,,,
"000001","218","20240716","020",0.5,"",,,,
"000001","218","20240717","020",0.5,"",,,,
"000001","218","20240718","020",0.5,"",,,,
"000001","218","20240828","020",1.0,"",,,,
"000001","219","20220701","030",10.0,有休付与,,,,
"000001","219","20220729","020",1.0,"",,,,
"000001","219","20220801","020",1.0,"",,,,
"000001","219","20220829","020",1.0,"",,,,
"000001","219","20220831","020",1.0,"",,,,
"000001","219","20220907","020",1.0,"",,,,
"000001","219","20220914","020",1.0,"",,,,
"000001","219","20221003","020",1.0,"",,,,
"000001","219","20221012","020",1.0,"",,,,
"000001","219","20221206","020",1.0,"",,,,
"000001","219","20230111","020",1.0,"",,,,
"000001","219","20230701","030",11.0,有休付与,,,,
"000001","219","20230703","020",1.0,"",,,,
"000001","219","20230713","020",1.0,"",,,,
"000001","219","20230727","020",0.5,"",,,,
"000001","219","20230802","020",1.0,"",,,,
"000001","219","20230830","020",1.0,"",,,,
"000001","219","20230907","020",1.0,"",,,,
"000001","219","20230919","020",1.0,"",,,,
"000001","219","20230925","020",1.0,"",,,,
"000001","219","20231122","020",1.0,健康診断受診のため,,,,
"000001","219","20231205","020",1.0,"",,,,
"000001","219","20240109","020",1.0,"",,,,
"000001","219","20240115","020",0.5,午後は振休半日使用してます,,,,
"000001","219","20240701","030",12.0,有休付与,,,,
"000001","219","20240708","020",1.0,"",,,,
"000001","219","20240723","020",1.0,"",,,,
"000001","219","20240805","020",0.5,"",,,,
"000001","219","20240816","020",1.0,"",,,,
"000001","219","20240909","020",1.0,"",,,,
"000001","219","20240917","020",1.0,"",,,,
"000001","219","20240924","020",1.0,"",,,,
"000001","219","20240930","020",1.0,"",,,,
"000001","219","20241021","020",1.0,"",,,,
"000001","219","20241030","020",1.0,"",,,,
"000001","220","20220901","030",10.0,有休付与,,,,
"000001","220","20220913","020",1.0,私用のために,,,,
"000001","220","20220914","020",1.0,私用のために,,,,
"000001","220","20220915","020",1.0,私用のために,,,,
"000001","220","20220916","020",1.0,私用のために,,,,
"000001","220","20220921","020",1.0,"",,,,
"000001","220","20220922","020",1.0,"",,,,
"000001","220","20220927","020",1.0,"",,,,
"000001","220","20220928","020",1.0,"",,,,
"000001","220","20220929","020",1.0,"",,,,
"000001","220","20221005","020",1.0,"",,,,
"000001","220","20230901","030",11.0,有休付与,,,,
"000001","220","20230913","020",1.0,有給休暇1,,,,
"000001","220","20230922","020",1.0,有給休暇2,,,,
"000001","220","20230929","020",1.0,有給休暇　3.4.5,,,,
"000001","220","20230930","020",1.0,有給休暇　3.4.5,,,,
"000001","220","20230931","020",1.0,有給休暇　3.4.5,,,,
"000001","220","20231005","020",1.0,有給休暇5.6,,,,
"000001","220","20231006","020",1.0,有給休暇5.6,,,,
"000001","220","20231011","020",1.0,"",,,,
"000001","220","20231012","020",1.0,"",,,,
"000001","220","20231013","020",1.0,有給休暇8、9、10,,,,
"000001","220","20231204","020",1.0,"",,,,
"000001","220","20240901","030",12.0,有休付与,,,,
"000001","220","20240902","020",1.0,"",,,,
"000001","220","20241010","020",1.0,"",,,,
"000001","220","20241011","020",1.0,"",,,,
"000001","220","20241016","020",1.0,"",,,,
"000001","220","20241017","020",1.0,"",,,,
"000001","220","20241018","020",1.0,"",,,,
"000001","222","20221001","030",10.0,有休付与,,,,
"000001","222","20221104","020",1.0,"",,,,
"000001","222","20221220","020",1.0,"",,,,
"000001","222","20221229","020",0.5,病院に行きました。,,,,
"000001","222","20230104","020",1.0,引っ越しの準備,,,,
"000001","222","20230105","020",1.0,引っ越しの準備,,,,
"000001","222","20230515","020",1.0,引っ越し準備のため,,,,
"000001","222","20230516","020",1.0,引っ越し準備のため,,,,
"000001","222","20230712","020",1.0,"",,,,
"000001","222","20231001","030",11.0,有休付与,,,,
"000001","222","20231010","020",1.0,"",,,,
"000001","222","20231011","020",1.0,"",,,,
"000001","222","20240104","020",1.0,"",,,,
"000001","222","20240105","020",1.0,"",,,,
"000001","222","20240126","020",1.0,"",,,,
"000001","222","20240419","020",0.5,"",,,,
"000001","222","20240430","020",1.0,"",,,,
"000001","222","20240501","020",1.0,"",,,,
"000001","222","20240502","020",1.0,"",,,,
"000001","222","20240624","020",1.0,"",,,,
"000001","222","20240802","020",0.5,病院行くため,,,,
"000001","222","20240807","020",1.0,"",,,,
"000001","222","20240808","020",1.0,"",,,,
"000001","222","20240813","020",1.0,"",,,,
"000001","222","20240821","020",0.5,"",,,,
"000001","222","20241001","030",12.0,有休付与,,,,
"000001","222","20241015","020",1.0,発熱のため,,,,
"000001","222","20241016","020",1.0,発熱のため,,,,
"000001","222","20241023","020",1.0,"",,,,
"000001","222","20241028","020",1.0,"",,,,
"000001","223","20221101","030",10.0,有休付与,,,,
"000001","223","20221201","020",1.0,"",,,,
"000001","223","20230206","020",1.0,"",,,,
"000001","223","20230406","020",0.5,"7日午後も半休を取ってたため、補足申請（7日午前半休申請済み）です。7日午後半休を申請したけど、重複エラーが出て申請不可のため、6日の午後半休として、申請させていただきます。（7日一日休んでた）",,,,
"000001","223","20230407","020",0.5,子供入学式があるため、休暇（とりあえず午前半休を申請させていただきます。よろしくお願いいたします。）,,,,
"000001","223","20230516","020",0.5,"",,,,
"000001","223","20230526","020",1.0,子供熱が出ていて、病院へ連れて行くため、休みます。,,,,
"000001","223","20230530","020",1.0,"",,,,
"000001","223","20230626","020",1.0,"",,,,
"000001","223","20230714","020",1.0,子供の看護（体調不良）のため,,,,
"000001","223","20230731","020",0.5,"",,,,
"000001","223","20230922","020",0.5,社内の勤務に関する９月分のデータが消えたため、補足申請です。,,,,
"000001","223","20231011","020",0.5,"",,,,
"000001","223","20231017","020",0.5,"",,,,
"000001","223","20231020","020",1.0,健診のため,,,,
"000001","223","20231101","030",11.0,有休付与,,,,
"000001","223","20231122","020",1.0,"",,,,
"000001","223","20240308","020",0.5,"",,,,
"000001","223","20240502","020",0.5,"",,,,
"000001","223","20240509","020",0.5,"",,,,
"000001","223","20240529","020",0.5,"",,,,
"000001","223","20240605","020",0.5,"",,,,
"000001","223","20240611","020",1.0,"",,,,
"000001","223","20240612","020",1.0,"",,,,
"000001","223","20240722","020",1.0,"",,,,
"000001","223","20240729","020",0.5,"",,,,
"000001","223","20240822","020",0.5,"",,,,
"000001","223","20240906","020",0.5,"",,,,
"000001","223","20240913","020",1.0,"",,,,
"000001","224","20230101","030",10.0,有休付与,,,,
"000001","224","20230104","020",1.0,"",,,,
"000001","224","20230213","020",1.0,"",,,,
"000001","224","20230330","020",1.0,"",,,,
"000001","224","20230525","020",1.0,"",,,,
"000001","224","20230704","020",0.5,"",,,,
"000001","224","20230705","020",0.5,"",,,,
"000001","224","20230830","020",1.0,"",,,,
"000001","224","20230915","020",0.5,"",,,,
"000001","224","20231211","020",1.0,"",,,,
"000001","224","20240101","030",11.0,有休付与,,,,
"000001","224","20240104","020",1.0,"",,,,
"000001","224","20240105","020",1.0,"",,,,
"000001","224","20240301","020",0.5,"",,,,
"000001","224","20240327","020",1.0,"",,,,
"000001","224","20240416","020",0.5,"",,,,
"000001","224","20240510","020",1.0,"",,,,
"000001","224","20240620","020",0.5,"",,,,
"000001","224","20240801","020",1.0,"",,,,
"000001","224","20240802","020",1.0,"",,,,
"000001","224","20240920","020",0.5,"",,,,
"000001","224","20241008","020",0.5,"",,,,
"000001","224","20241010","020",1.0,"",,,,
"000001","224","20241025","020",0.5,"",,,,
"000001","225","20221201","030",10.0,有休付与,,,,
"000001","225","20230626","020",1.0,風です,,,,
"000001","225","20231201","030",11.0,有休付与,,,,
"000001","225","20231228","020",1.0,"",,,,
"000001","225","20240104","020",1.0,"",,,,
"000001","225","20240105","020",1.0,"",,,,
"000001","225","20240430","020",1.0,"",,,,
"000001","225","20240501","020",1.0,"",,,,
"000001","225","20240502","020",1.0,"",,,,
"000001","225","20240628","020",1.0,"",,,,
"000001","225","20240816","020",1.0,"",,,,
"000001","226","20221101","030",10.0,有休付与,,,,
"000001","226","20230104","020",1.0,"",,,,
"000001","226","20230105","020",1.0,"",,,,
"000001","226","20230106","020",1.0,"",,,,
"000001","226","20230201","020",1.0,"",,,,
"000001","226","20230208","020",1.0,"",,,,
"000001","226","20230215","020",1.0,"",,,,
"000001","226","20230222","020",1.0,"",,,,
"000001","226","20230308","020",1.0,"",,,,
"000001","226","20230315","020",1.0,"",,,,
"000001","227","20221101","030",10.0,有休付与,,,,
"000001","227","20221104","020",1.0,"",,,,
"000001","227","20221107","020",1.0,手術後の痛みが引かなかったため,,,,
"000001","227","20221121","020",1.0,ワクチン副反応,,,,
"000001","227","20221223","020",0.5,"",,,,
"000001","227","20221226","020",1.0,"",,,,
"000001","227","20221227","020",1.0,"",,,,
"000001","227","20230105","020",1.0,インフルエンザのため。,,,,
"000001","227","20230106","020",1.0,インフルエンザのため。,,,,
"000001","227","20230110","020",1.0,インフルエンザのため,,,,
"000001","227","20230111","020",1.0,インフルエンザのため,,,,
"000001","227","20230302","020",0.5,"",,,,
"000001","227","20231101","030",11.0,有休付与,,,,
"000001","227","20231226","020",1.0,"",,,,
"000001","227","20231227","020",1.0,"",,,,
"000001","227","20231228","020",1.0,"",,,,
"000001","227","20240209","020",0.5,"",,,,
"000001","227","20240221","020",1.0,"",,,,
"000001","227","20240222","020",1.0,"",,,,
"000001","227","20240401","020",1.0,"",,,,
"000001","227","20240501","020",1.0,"",,,,
"000001","227","20240502","020",1.0,"",,,,
"000001","227","20240524","020",1.0,"",,,,
"000001","227","20240716","020",1.0,"",,,,
"000001","228","20221201","030",10.0,有休付与,,,,
"000001","228","20230608","020",0.5,"",,,,
"000001","228","20230705","020",0.5,家庭事情,,,,
"000001","228","20230720","020",1.0,午前中は耳鼻科通院のため、午後は長女学校行事（三者面談）のため、合わせて1日休みさせていただきます。,,,,
"000001","228","20230829","020",0.5,私用より午後休を頂きます,,,,
"000001","228","20231011","020",1.0,最初申請した分の履歴が消えた為、再申請です,,,,
"000001","228","20231201","030",11.0,有休付与,,,,
"000001","228","20240105","020",1.0,"",,,,
"000001","228","20240214","020",0.5,"",,,,
"000001","228","20240219","020",0.5,私用のため,,,,
"000001","228","20240322","020",1.0,"",,,,
"000001","228","20240327","020",1.0,"",,,,
"000001","228","20240531","020",0.5,子供運動会のため、午前休とする,,,,
"000001","229","20230101","030",10.0,有休付与,,,,
"000001","229","20230417","020",1.0,"",,,,
"000001","229","20230427","020",0.5,"",,,,
"000001","229","20230428","020",0.5,通院,,,,
"000001","229","20230526","020",1.0,"",,,,
"000001","229","20230609","020",0.5,午後通院しますので、半日休を頂きます。,,,,
"000001","229","20230703","020",1.0,"",,,,
"000001","229","20230704","020",0.5,"",,,,
"000001","229","20230712","020",1.0,"",,,,
"000001","229","20230804","020",0.5,"",,,,
"000001","229","20230807","020",1.0,"",,,,
"000001","229","20230901","020",0.5,"",,,,
"000001","229","20230926","020",1.0,"",,,,
"000001","229","20230927","020",0.5,"",,,,
"000001","229","20231116","020",0.5,"",,,,
"000001","229","20240101","030",11.0,有休付与,,,,
"000001","229","20240124","020",0.5,"",,,,
"000001","230","20230101","030",10.0,有休付与,,,,
"000001","230","20230425","020",1.0,"",,,,
"000001","230","20230525","020",1.0,"",,,,
"000001","230","20230526","020",1.0,コロナ,,,,
"000001","230","20230529","020",1.0,コロナ,,,,
"000001","230","20230615","020",1.0,"",,,,
"000001","230","20230626","020",1.0,"",,,,
"000001","230","20230706","020",1.0,"",,,,
"000001","230","20230712","020",1.0,"",,,,
"000001","230","20230721","020",1.0,"",,,,
"000001","230","20230725","020",1.0,"",,,,
"000001","230","20240201","030",11.0,有休付与,,,,
"000001","231","20230201","030",10.0,有休付与,,,,
"000001","231","20230605","020",0.5,"",,,,
"000001","231","20230621","020",0.5,在留カード資料準備ため,,,,
"000001","231","20240201","030",11.0,有休付与,,,,
"000001","231","20240213","020",1.0,"",,,,
"000001","231","20240214","020",1.0,"",,,,
"000001","231","20240215","020",1.0,"",,,,
"000001","231","20240216","020",1.0,"",,,,
"000001","231","20240219","020",1.0,"",,,,
"000001","231","20240328","020",0.5,東京労働局,,,,
"000001","231","20240416","020",1.0,自動車学校,,,,
"000001","231","20240417","020",1.0,自動車学校,,,,
"000001","231","20240418","020",1.0,自動車学校,,,,
"000001","231","20240419","020",1.0,自動車学校,,,,
"000001","231","20240422","020",1.0,"",,,,
"000001","231","20240423","020",1.0,"",,,,
"000001","231","20240424","020",1.0,"",,,,
"000001","231","20240425","020",1.0,"",,,,
"000001","231","20240513","020",1.0,学科試験、ビザ,,,,
"000001","232","20230201","030",10.0,有休付与,,,,
"000001","232","20230302","020",0.5,生理痛,,,,
"000001","232","20230602","020",1.0,早朝から39度の急な発熱のため欠勤とした。,,,,
"000001","232","20230613","020",1.0,体調不良及び病院への受診をせざるを得ないため、欠勤とした。,,,,
"000001","232","20230727","020",1.0,"",,,,
"000001","232","20231018","020",1.0,資格試験のためお休みいただきます。,,,,
"000001","232","20231019","020",0.5,"",,,,
"000001","232","20231020","020",0.5,"",,,,
"000001","232","20231121","020",0.5,健康診断のため,,,,
"000001","232","20231124","020",1.0,"",,,,
"000001","232","20240105","020",1.0,"",,,,
"000001","232","20240201","030",11.0,有休付与,,,,
"000001","232","20240501","020",1.0,"",,,,
"000001","232","20240502","020",1.0,"",,,,
"000001","232","20240722","020",1.0,"",,,,
"000001","232","20240920","020",1.0,"",,,,
"000001","232","20241023","020",1.0,"",,,,
"000001","232","20241024","020",1.0,"",,,,
"000001","232","20241025","020",1.0,"",,,,
"000001","232","20241028","020",1.0,"",,,,
"000001","234","20230801","030",10.0,有休付与,,,,
"000001","234","20230922","020",1.0,障害で消去されたそうですので、再度承認をお願いします。,,,,
"000001","234","20231110","020",0.5,"",,,,
"000001","234","20231114","020",0.5,"",,,,
"000001","234","20231215","020",1.0,"",,,,
"000001","234","20240109","020",0.5,"",,,,
"000001","234","20240116","020",1.0,"",,,,
"000001","234","20240226","020",0.5,"",,,,
"000001","234","20240524","020",1.0,"",,,,
"000001","234","20240621","020",1.0,"",,,,
"000001","234","20240801","030",11.0,有休付与,,,,
"000001","234","20240816","020",1.0,"",,,,
"000001","234","20240902","020",1.0,"",,,,
"000001","237","20230801","030",10.0,有休付与,,,,
"000001","237","20230817","020",1.0,"",,,,
"000001","237","20230818","020",1.0,"",,,,
"000001","237","20230922","020",1.0,"",,,,
"000001","237","20231127","020",1.0,"",,,,
"000001","237","20231227","020",1.0,"",,,,
"000001","237","20231228","020",1.0,"",,,,
"000001","237","20240104","020",1.0,"",,,,
"000001","237","20240105","020",1.0,"",,,,
"000001","237","20240411","020",0.5,"",,,,
"000001","237","20240426","020",0.5,"",,,,
"000001","237","20240430","020",1.0,"",,,,
"000001","237","20240801","030",11.0,有休付与,,,,
"000001","237","20240809","020",1.0,"",,,,
"000001","237","20240816","020",1.0,"",,,,
"000001","237","20241003","020",1.0,"",,,,
"000001","238","20231001","030",10.0,有休付与,,,,
"000001","238","20231019","020",0.5,会社が推薦している　Azure　Az-900試験を受けるため。,,,,
"000001","238","20231023","020",1.0,家族が来日する予定です。空港まで迎えにいきます,,,,
"000001","238","20231108","020",1.0,家族が来日する予定です。飛行機に乗る前の日です。,,,,
"000001","238","20231222","020",0.5,私用があるため、休ませていただきます。,,,,
"000001","238","20240124","020",0.5,"1月24日に私用のため、有給休暇で午後から半休させていただきます。
(勤務時間は昼休みなしで9～13時となります)
よろしくお願いいたします",,,,
"000001","238","20240816","020",1.0,通院するため,,,,
"000001","238","20240924","020",1.0,私用のため休みいたします。,,,,
"000001","238","20241001","030",11.0,有休付与,,,,
"000001","238","20241010","020",0.5,午前中に私用で休みます。,,,,
"000001","238","20241021","020",1.0,帰国のため、お休みをいただきます。。既に盛社長にはご了承いただいており、チームの皆様にもお伝え済みです。,,,,
"000001","238","20241022","020",1.0,帰国のため、お休みをいただきます。。既に盛社長にはご了承いただいており、チームの皆様にもお伝え済みです。,,,,
"000001","238","20241023","020",1.0,帰国のため、お休みをいただきます。。既に盛社長にはご了承いただいており、チームの皆様にもお伝え済みです。,,,,
"000001","238","20241024","020",1.0,帰国のため、お休みをいただきます。。既に盛社長にはご了承いただいており、チームの皆様にもお伝え済みです。,,,,
"000001","238","20241025","020",1.0,帰国のため、お休みをいただきます。。既に盛社長にはご了承いただいており、チームの皆様にもお伝え済みです。,,,,
"000001","238","20241028","020",1.0,帰国のため、お休みをいただきます。。既に盛社長にはご了承いただいており、チームの皆様にもお伝え済みです。,,,,
"000001","238","20241029","020",1.0,帰国のため、お休みをいただきます。。既に盛社長にはご了承いただいており、チームの皆様にもお伝え済みです。,,,,
"000001","238","20241030","020",1.0,帰国のため、お休みをいただきます。。既に盛社長にはご了承いただいており、チームの皆様にもお伝え済みです。,,,,
"000001","238","20241031","020",1.0,帰国のため、お休みをいただきます。。既に盛社長にはご了承いただいており、チームの皆様にもお伝え済みです。,,,,
"000001","239","20231001","030",10.0,有休付与,,,,
"000001","239","20231011","020",0.5,体調不良の為、有給休暇半日を取らせていただきます,,,,
"000001","239","20231013","020",1.0,体調不良の為、有給休暇を取らせていただきます,,,,
"000001","239","20231031","020",0.5,体調不良の為、有給休暇半日を取らせていただきます,,,,
"000001","239","20231106","020",1.0,腸炎で熱が出てくる為、自宅で休養致します。,,,,
"000001","239","20231107","020",1.0,腸炎で熱が出てくる為、自宅で休養致します。,,,,
"000001","239","20231108","020",1.0,腸炎で熱が出てくる為、自宅で休養致します。,,,,
"000001","239","20240524","020",0.5,私用の為、午前中休ませていただきます,,,,
"000001","239","20240612","020",0.5,引越しの為、有給を取らせていただきます,,,,
"000001","239","20240613","020",1.0,引越しの為、有給を取らせていただきます,,,,
"000001","239","20240614","020",1.0,引越しの為、有給を取らせていただきます,,,,
"000001","239","20241001","030",11.0,有休付与,,,,
"000001","239","20241023","020",1.0,領事館手続きの為、有給休暇を取ります,,,,
"000001","239","20241025","020",0.5,"",,,,
"000001","239","20241031","020",1.0,"",,,,
"000001","242","20240101","030",10.0,有休付与,,,,
"000001","242","20240430","020",1.0,"",,,,
"000001","242","20240501","020",1.0,"",,,,
"000001","242","20240502","020",1.0,"",,,,
"000001","242","20240920","020",1.0,"",,,,
"000001","243","20231101","030",10.0,有休付与,,,,
"000001","243","20231109","020",1.0,"",,,,
"000001","243","20231110","020",1.0,"",,,,
"000001","243","20231222","020",0.5,"",,,,
"000001","243","20231225","020",0.5,"",,,,
"000001","243","20240112","020",0.5,"",,,,
"000001","243","20240321","020",1.0,"",,,,
"000001","243","20240322","020",1.0,"",,,,
"000001","243","20240325","020",1.0,"",,,,
"000001","243","20240625","020",1.0,"",,,,
"000001","243","20240719","020",0.5,"",,,,
"000001","243","20240920","020",1.0,"",,,,
"000001","245","20231101","030",10.0,有休付与,,,,
"000001","245","20231110","020",1.0,"",,,,
"000001","245","20240401","020",0.5,"",,,,
"000001","245","20240426","020",0.5,"",,,,
"000001","245","20240430","020",0.5,"",,,,
"000001","246","20240101","030",10.0,有休付与,,,,
"000001","246","20240411","020",1.0,息子の入学式の為,,,,
"000001","246","20240502","020",1.0,娘の遠足の為,,,,
"000001","246","20240808","020",1.0,帰省のため,,,,
"000001","246","20240822","020",1.0,"",,,,
"000001","247","20240401","030",10.0,有休付与,,,,
"000001","247","20240709","020",0.5,"",,,,
"000001","247","20240722","020",1.0,"",,,,
"000001","247","20240730","020",1.0,"",,,,
"000001","247","20240816","020",1.0,台風,,,,
"000001","250","20241001","030",10.0,有休付与,,,,
"000001","250","20241007","020",1.0,通院のため,,,,
"000001","250","20241008","020",1.0,通院のため,,,,
"000001","250","20241015","020",0.5,私用のため,,,,
"000001","250","20241031","020",0.5,私用のため,,,,
"000001","532","20220502","020",1.0,"",,,,
"000001","532","20220506","020",1.0,"",,,,
"000001","532","20220701","030",11.0,有休付与,,,,
"000001","532","20221104","020",1.0,"",,,,
